hospital,docid,hospital_clean,author_ch
福建医科大学附属协和医院心外科,0410,福建医科大学附属协和医院心外科,陈良万
福建医科大学附属协和医院心外科,0410,福建医科大学附属协和医院心外科,陈道中
福建医科大学附属协和医院心外科,0410,福建医科大学附属协和医院心外科,戴炳光
福建医科大学附属协和医院心外科,0410,福建医科大学附属协和医院心外科,曲崎
福建医科大学附属协和医院心外科,0410,福建医科大学附属协和医院心外科,郭尚耘
福建医科大学附属协和医院心外科,0410,福建医科大学附属协和医院心外科,邱罕凡
福建医科大学附属协和医院心外科,0410,福建医科大学附属协和医院心外科,吴锡阶
福建医科大学附属协和医院心外科,0410,福建医科大学附属协和医院心外科,王增春
济南市第四人民医院心外科,0410,济南市第四人民医院心外科,陈良万
济南市第四人民医院心外科,0410,济南市第四人民医院心外科,陈道中
济南市第四人民医院心外科,0410,济南市第四人民医院心外科,戴炳光
济南市第四人民医院心外科,0410,济南市第四人民医院心外科,曲崎
济南市第四人民医院心外科,0410,济南市第四人民医院心外科,郭尚耘
济南市第四人民医院心外科,0410,济南市第四人民医院心外科,邱罕凡
济南市第四人民医院心外科,0410,济南市第四人民医院心外科,吴锡阶
济南市第四人民医院心外科,0410,济南市第四人民医院心外科,王增春
福建医科大学附属协和医院心外科 350001福州市,0410,福建医科大学附属协和医院心外科,陈良万
福建医科大学附属协和医院心外科 350001福州市,0410,福建医科大学附属协和医院心外科,陈道中
福建医科大学附属协和医院心外科 350001福州市,0410,福建医科大学附属协和医院心外科,戴炳光
福建医科大学附属协和医院心外科 350001福州市,0410,福建医科大学附属协和医院心外科,曲崎
福建医科大学附属协和医院心外科 350001福州市,0410,福建医科大学附属协和医院心外科,郭尚耘
福建医科大学附属协和医院心外科 350001福州市,0410,福建医科大学附属协和医院心外科,邱罕凡
福建医科大学附属协和医院心外科 350001福州市,0410,福建医科大学附属协和医院心外科,吴锡阶
福建医科大学附属协和医院心外科 350001福州市,0410,福建医科大学附属协和医院心外科,王增春
中国人民解放军第181医院全军器官移植与透析治疗中心,0619,中国人民解放军第181医院全军器官移植与透析治疗中心,李丹
中国人民解放军第181医院全军器官移植与透析治疗中心,0619,中国人民解放军第181医院全军器官移植与透析治疗中心,罗雅丹
中国人民解放军第181医院全军器官移植与透析治疗中心,0619,中国人民解放军第181医院全军器官移植与透析治疗中心,董力
南京医科大学附属无锡人民医院,0623,南京医科大学附属无锡人民医院,刘筱凌
南京医科大学附属无锡人民医院,0623,南京医科大学附属无锡人民医院,徐海英
南京医科大学附属无锡人民医院,0623,南京医科大学附属无锡人民医院,盛玲
江南大学附属无锡市胸科医院肺移植中心,1724,江南大学附属无锡市胸科医院肺移植中心,叶书高
江南大学附属无锡市胸科医院肺移植中心,1724,江南大学附属无锡市胸科医院肺移植中心,陈静瑜
江南大学附属无锡市胸科医院肺移植中心,1724,江南大学附属无锡市胸科医院肺移植中心,刘峰
江南大学附属无锡市胸科医院肺移植中心,1724,江南大学附属无锡市胸科医院肺移植中心,张稷
江南大学附属无锡市胸科医院肺移植中心,1724,江南大学附属无锡市胸科医院肺移植中心,陈忠华
华中科技大学同济器官移植研究所 无锡214073,1724,华中科技大学同济器官移植研究所,叶书高
华中科技大学同济器官移植研究所 无锡214073,1724,华中科技大学同济器官移植研究所,陈静瑜
华中科技大学同济器官移植研究所 无锡214073,1724,华中科技大学同济器官移植研究所,刘峰
华中科技大学同济器官移植研究所 无锡214073,1724,华中科技大学同济器官移植研究所,张稷
华中科技大学同济器官移植研究所 无锡214073,1724,华中科技大学同济器官移植研究所,陈忠华
南京医科大学附属无锡市人民医院肺移植中心,2135,南京医科大学附属无锡市人民医院肺移植中心,
华中科技大学同济器官移植研究所,2135,华中科技大学同济器官移植研究所,
南京医科大学附属无锡市人民医院肺移植中心,2220,南京医科大学附属无锡市人民医院肺移植中心,卫栋
南京医科大学附属无锡市人民医院肺移植中心,2220,南京医科大学附属无锡市人民医院肺移植中心,陆荣国
武汉华中科技大学同济器官移植研究所,2220,武汉华中科技大学同济器官移植研究所,卫栋
武汉华中科技大学同济器官移植研究所,2220,武汉华中科技大学同济器官移植研究所,陆荣国
中国人民解放军第三0三医院移植医学研究院,2686,中国人民解放军第三0三医院移植医学研究院,农江
中国人民解放军第三0三医院移植医学研究院,2686,中国人民解放军第三0三医院移植医学研究院,孙煦勇
中国人民解放军第三0三医院移植医学研究院,2686,中国人民解放军第三0三医院移植医学研究院,董建辉
中国人民解放军第三0三医院移植医学研究院,2686,中国人民解放军第三0三医院移植医学研究院,秦科
中国人民解放军第三0三医院移植医学研究院,2686,中国人民解放军第三0三医院移植医学研究院,赖彦华
中国人民解放军第三0三医院移植医学研究院,2686,中国人民解放军第三0三医院移植医学研究院,聂峰
中国人民解放军第三0三医院移植医学研究院,2686,中国人民解放军第三0三医院移植医学研究院,蔡文娥
中国人民解放军第三0三医院移植医学研究院,2686,中国人民解放军第三0三医院移植医学研究院,文海涛
中国人民解放军第三0三医院移植医学研究院,2686,中国人民解放军第三0三医院移植医学研究院,李壮江
中国人民解放军第三0三医院移植医学研究院,2686,中国人民解放军第三0三医院移植医学研究院,杨建均
中国人民解放军第三0三医院移植医学研究院,2686,中国人民解放军第三0三医院移植医学研究院,何昌桓
中国人民解放军第三0三医院病理科,2686,中国人民解放军第三0三医院病理科,农江
中国人民解放军第三0三医院病理科,2686,中国人民解放军第三0三医院病理科,孙煦勇
中国人民解放军第三0三医院病理科,2686,中国人民解放军第三0三医院病理科,董建辉
中国人民解放军第三0三医院病理科,2686,中国人民解放军第三0三医院病理科,秦科
中国人民解放军第三0三医院病理科,2686,中国人民解放军第三0三医院病理科,赖彦华
中国人民解放军第三0三医院病理科,2686,中国人民解放军第三0三医院病理科,聂峰
中国人民解放军第三0三医院病理科,2686,中国人民解放军第三0三医院病理科,蔡文娥
中国人民解放军第三0三医院病理科,2686,中国人民解放军第三0三医院病理科,文海涛
中国人民解放军第三0三医院病理科,2686,中国人民解放军第三0三医院病理科,李壮江
中国人民解放军第三0三医院病理科,2686,中国人民解放军第三0三医院病理科,杨建均
中国人民解放军第三0三医院病理科,2686,中国人民解放军第三0三医院病理科,何昌桓
广州军区广州总医院肝胆外科、肝移植中心,2830,广州军区广州总医院肝胆外科、肝移植中心,石英
广州军区广州总医院肝胆外科、肝移植中心,2830,广州军区广州总医院肝胆外科、肝移植中心,何洹
广州军区广州总医院肝胆外科、肝移植中心,2830,广州军区广州总医院肝胆外科、肝移植中心,易建华
广州军区广州总医院肝胆外科、肝移植中心,2830,广州军区广州总医院肝胆外科、肝移植中心,展淑敏
广州军区广州总医院肝胆外科、肝移植中心,2830,广州军区广州总医院肝胆外科、肝移植中心,霍枫
广州军区广州总医院麻醉科,2830,广州军区广州总医院麻醉科,石英
广州军区广州总医院麻醉科,2830,广州军区广州总医院麻醉科,何洹
广州军区广州总医院麻醉科,2830,广州军区广州总医院麻醉科,易建华
广州军区广州总医院麻醉科,2830,广州军区广州总医院麻醉科,展淑敏
广州军区广州总医院麻醉科,2830,广州军区广州总医院麻醉科,霍枫
华中科技大学同济医学院附属协和医院,3047,华中科技大学同济医学院附属协和医院,余文静
华中科技大学同济医学院附属协和医院,3047,华中科技大学同济医学院附属协和医院,高兴莲
华中科技大学同济医学院附属协和医院,3047,华中科技大学同济医学院附属协和医院,吴佳颖
华中科技大学同济医学院附属协和医院,3047,华中科技大学同济医学院附属协和医院,谭晓珏
南京医科大学附属无锡市人民医院手术室,3899,南京医科大学附属无锡市人民医院手术室,毛文君
南京医科大学附属无锡市人民医院胸外科,3899,南京医科大学附属无锡市人民医院胸外科,毛文君
沈阳军区总医院急诊医学部,4002,沈阳军区总医院急诊医学部,赵文静
沈阳军区总医院急诊医学部,4002,沈阳军区总医院急诊医学部,朱爽
沈阳军区总医院急诊医学部,4002,沈阳军区总医院急诊医学部,马奔
沈阳军区总医院急诊医学部,4002,沈阳军区总医院急诊医学部,赵丽萍
沈阳军区总医院急诊医学部,4002,沈阳军区总医院急诊医学部,赵文州
沈阳军区总医院神经外科,4002,沈阳军区总医院神经外科,赵文静
沈阳军区总医院神经外科,4002,沈阳军区总医院神经外科,朱爽
沈阳军区总医院神经外科,4002,沈阳军区总医院神经外科,马奔
沈阳军区总医院神经外科,4002,沈阳军区总医院神经外科,赵丽萍
沈阳军区总医院神经外科,4002,沈阳军区总医院神经外科,赵文州
解放军第202医院内分泌科,4002,解放军第202医院内分泌科,赵文静
解放军第202医院内分泌科,4002,解放军第202医院内分泌科,朱爽
解放军第202医院内分泌科,4002,解放军第202医院内分泌科,马奔
解放军第202医院内分泌科,4002,解放军第202医院内分泌科,赵丽萍
解放军第202医院内分泌科,4002,解放军第202医院内分泌科,赵文州
解放军81医院胸心外科,4100,解放军81医院胸心外科,金永梅
解放军81医院胸心外科,4100,解放军81医院胸心外科,徐爱民
解放军81医院胸心外科,4100,解放军81医院胸心外科,刘宏
解放军81医院胸心外科,4100,解放军81医院胸心外科,韦韦
解放军81医院胸心外科,4100,解放军81医院胸心外科,汪栋
第四军医大学西京医院心血管外科中心!陕西西安710033,0002,第四军医大学西京医院心血管外科中心,孙国成
第四军医大学西京医院心血管外科中心!陕西西安710033,0002,第四军医大学西京医院心血管外科中心,蔡振杰
第四军医大学西京医院心血管外科中心!陕西西安710033,0002,第四军医大学西京医院心血管外科中心,刘维永
第四军医大学西京医院心血管外科中心!陕西西安710033,0002,第四军医大学西京医院心血管外科中心,万明明
第四军医大学西京医院心血管外科中心!陕西西安710033,0002,第四军医大学西京医院心血管外科中心,杨光
第四军医大学西京医院心血管外科中心!陕西西安710033,0003,第四军医大学西京医院心血管外科中心,汪钢
第四军医大学西京医院心血管外科中心!陕西西安710033,0003,第四军医大学西京医院心血管外科中心,李彤
第四军医大学西京医院心血管外科中心!陕西西安710033,0003,第四军医大学西京医院心血管外科中心,王伟宪
浙江省人民医院!310014,0006,浙江省人民医院,许林海
浙江省人民医院!310014,0006,浙江省人民医院,孔颂阳
浙江省人民医院!310014,0006,浙江省人民医院,倪科伟
浙江省人民医院!310014,0006,浙江省人民医院,钱文伟
浙江省人民医院!310014,0006,浙江省人民医院,朱理
浙江省人民医院!310014,0006,浙江省人民医院,严志焜
第三军医大学西南医院胸心外科,0035,第三军医大学西南医院胸心外科,唐令凤
第三军医大学西南医院胸心外科,0035,第三军医大学西南医院胸心外科,连丽红
第三军医大学西南医院胸心外科,0035,第三军医大学西南医院胸心外科,杨康
第三军医大学西南医院胸心外科,0035,第三军医大学西南医院胸心外科,杨军民
第三军医大学西南医院胸心外科,0035,第三军医大学西南医院胸心外科,王明荣
第三军医大学西南医院胸心外科,0035,第三军医大学西南医院胸心外科,曾会昌
第三军医大学西南医院胸心外科 重庆400038,0035,第三军医大学西南医院胸心外科,唐令凤
第三军医大学西南医院胸心外科 重庆400038,0035,第三军医大学西南医院胸心外科,连丽红
第三军医大学西南医院胸心外科 重庆400038,0035,第三军医大学西南医院胸心外科,杨康
第三军医大学西南医院胸心外科 重庆400038,0035,第三军医大学西南医院胸心外科,杨军民
第三军医大学西南医院胸心外科 重庆400038,0035,第三军医大学西南医院胸心外科,王明荣
第三军医大学西南医院胸心外科 重庆400038,0035,第三军医大学西南医院胸心外科,曾会昌
解放军第三○九医院心胸外科,0059,解放军第三○九医院心胸外科,张向华
解放军第三○九医院心胸外科,0059,解放军第三○九医院心胸外科,廖崇先
解放军第三○九医院心胸外科,0059,解放军第三○九医院心胸外科,陈翔
解放军第三○九医院心胸外科,0059,解放军第三○九医院心胸外科,孙树汉
解放军第三○九医院心胸外科,0059,解放军第三○九医院心胸外科,范里莉
解放军第三○九医院心胸外科,0059,解放军第三○九医院心胸外科,祁彦君
解放军第三○九医院心胸外科,0059,解放军第三○九医院心胸外科,金文波
福建医科大学附属协和医院心外科研究所,0059,福建医科大学附属协和医院心外科研究所,张向华
福建医科大学附属协和医院心外科研究所,0059,福建医科大学附属协和医院心外科研究所,廖崇先
福建医科大学附属协和医院心外科研究所,0059,福建医科大学附属协和医院心外科研究所,陈翔
福建医科大学附属协和医院心外科研究所,0059,福建医科大学附属协和医院心外科研究所,孙树汉
福建医科大学附属协和医院心外科研究所,0059,福建医科大学附属协和医院心外科研究所,范里莉
福建医科大学附属协和医院心外科研究所,0059,福建医科大学附属协和医院心外科研究所,祁彦君
福建医科大学附属协和医院心外科研究所,0059,福建医科大学附属协和医院心外科研究所,金文波
解放军第三○九医院心胸外科福州 100091北京,0059,解放军第三○九医院心胸外科福州,张向华
解放军第三○九医院心胸外科福州 100091北京,0059,解放军第三○九医院心胸外科福州,廖崇先
解放军第三○九医院心胸外科福州 100091北京,0059,解放军第三○九医院心胸外科福州,陈翔
解放军第三○九医院心胸外科福州 100091北京,0059,解放军第三○九医院心胸外科福州,孙树汉
解放军第三○九医院心胸外科福州 100091北京,0059,解放军第三○九医院心胸外科福州,范里莉
解放军第三○九医院心胸外科福州 100091北京,0059,解放军第三○九医院心胸外科福州,祁彦君
解放军第三○九医院心胸外科福州 100091北京,0059,解放军第三○九医院心胸外科福州,金文波
第四军医大学西京医院,0083,第四军医大学西京医院,王晓武
第四军医大学西京医院,0083,第四军医大学西京医院,张卫达
第四军医大学西京医院 710032西安,0083,第四军医大学西京医院,王晓武
第四军医大学西京医院 710032西安,0083,第四军医大学西京医院,张卫达
徐州医学院附属医院胸心外科,0101,徐州医学院附属医院胸心外科,王伟
徐州医学院附属医院胸心外科,0101,徐州医学院附属医院胸心外科,张中明
徐州医学院附属医院胸心外科,0101,徐州医学院附属医院胸心外科,孙全胜
徐州医学院附属医院胸心外科,0101,徐州医学院附属医院胸心外科,王国祥
徐州医学院附属医院胸心外科,0101,徐州医学院附属医院胸心外科,钱伟民
徐州医学院附属医院胸心外科,0101,徐州医学院附属医院胸心外科,周晓彤
徐州医学院附属医院胸心外科,0101,徐州医学院附属医院胸心外科,桂鑫
徐州医学院附属医院胸心外科 江苏徐州221002,0101,徐州医学院附属医院胸心外科,王伟
徐州医学院附属医院胸心外科 江苏徐州221002,0101,徐州医学院附属医院胸心外科,张中明
徐州医学院附属医院胸心外科 江苏徐州221002,0101,徐州医学院附属医院胸心外科,孙全胜
徐州医学院附属医院胸心外科 江苏徐州221002,0101,徐州医学院附属医院胸心外科,王国祥
徐州医学院附属医院胸心外科 江苏徐州221002,0101,徐州医学院附属医院胸心外科,钱伟民
徐州医学院附属医院胸心外科 江苏徐州221002,0101,徐州医学院附属医院胸心外科,周晓彤
徐州医学院附属医院胸心外科 江苏徐州221002,0101,徐州医学院附属医院胸心外科,桂鑫
第四军医大学西京医院心脏外科,0146,第四军医大学西京医院心脏外科,周更须
第四军医大学西京医院心脏外科,0146,第四军医大学西京医院心脏外科,俞世强
第四军医大学西京医院心脏外科,0146,第四军医大学西京医院心脏外科,陈敏薛
第四军医大学西京医院心脏外科,0146,第四军医大学西京医院心脏外科,卫斌
第四军医大学西京医院心脏外科,0146,第四军医大学西京医院心脏外科,杨秀玲
第四军医大学西京医院心脏外科 710032西安市,0146,第四军医大学西京医院心脏外科,周更须
第四军医大学西京医院心脏外科 710032西安市,0146,第四军医大学西京医院心脏外科,俞世强
第四军医大学西京医院心脏外科 710032西安市,0146,第四军医大学西京医院心脏外科,陈敏薛
第四军医大学西京医院心脏外科 710032西安市,0146,第四军医大学西京医院心脏外科,卫斌
第四军医大学西京医院心脏外科 710032西安市,0146,第四军医大学西京医院心脏外科,杨秀玲
广东深圳市孙逸仙心血管医院麻醉科,0172,广东深圳市孙逸仙心血管医院麻醉科,黄小蝶
广东深圳市孙逸仙心血管医院麻醉科,0172,广东深圳市孙逸仙心血管医院麻醉科,叶晓青
广东深圳市孙逸仙心血管医院麻醉科 518001,0172,广东深圳市孙逸仙心血管医院麻醉科,黄小蝶
广东深圳市孙逸仙心血管医院麻醉科 518001,0172,广东深圳市孙逸仙心血管医院麻醉科,叶晓青
南昌大学第一附属医院心胸外科,0255,南昌大学第一附属医院心胸外科,刘季春
南昌大学第一附属医院心胸外科,0255,南昌大学第一附属医院心胸外科,徐建军
南昌大学第一附属医院心胸外科,0255,南昌大学第一附属医院心胸外科,万于华
南昌大学第一附属医院心胸外科,0255,南昌大学第一附属医院心胸外科,饶华庚
南昌大学第一附属医院心胸外科,0255,南昌大学第一附属医院心胸外科,王勤
南昌大学第一附属医院心胸外科,0255,南昌大学第一附属医院心胸外科,李志平
南昌大学第一附属医院心胸外科,0255,南昌大学第一附属医院心胸外科,吴起才
南昌大学第一附属医院心胸外科,0255,南昌大学第一附属医院心胸外科,刘升
南昌大学第一附属医院心胸外科,0255,南昌大学第一附属医院心胸外科,刘晓明
南昌大学第一附属医院心胸外科,0255,南昌大学第一附属医院心胸外科,高涛
南昌大学第一附属医院心胸外科,0255,南昌大学第一附属医院心胸外科,陈干
南昌大学第二附属医院心胸外科,0255,南昌大学第二附属医院心胸外科,刘季春
南昌大学第二附属医院心胸外科,0255,南昌大学第二附属医院心胸外科,徐建军
南昌大学第二附属医院心胸外科,0255,南昌大学第二附属医院心胸外科,万于华
南昌大学第二附属医院心胸外科,0255,南昌大学第二附属医院心胸外科,饶华庚
南昌大学第二附属医院心胸外科,0255,南昌大学第二附属医院心胸外科,王勤
南昌大学第二附属医院心胸外科,0255,南昌大学第二附属医院心胸外科,李志平
南昌大学第二附属医院心胸外科,0255,南昌大学第二附属医院心胸外科,吴起才
南昌大学第二附属医院心胸外科,0255,南昌大学第二附属医院心胸外科,刘升
南昌大学第二附属医院心胸外科,0255,南昌大学第二附属医院心胸外科,刘晓明
南昌大学第二附属医院心胸外科,0255,南昌大学第二附属医院心胸外科,高涛
南昌大学第二附属医院心胸外科,0255,南昌大学第二附属医院心胸外科,陈干
南昌大学第一附属医院心胸外科 南昌330006,0255,南昌大学第一附属医院心胸外科,刘季春
南昌大学第一附属医院心胸外科 南昌330006,0255,南昌大学第一附属医院心胸外科,徐建军
南昌大学第一附属医院心胸外科 南昌330006,0255,南昌大学第一附属医院心胸外科,万于华
南昌大学第一附属医院心胸外科 南昌330006,0255,南昌大学第一附属医院心胸外科,饶华庚
南昌大学第一附属医院心胸外科 南昌330006,0255,南昌大学第一附属医院心胸外科,王勤
南昌大学第一附属医院心胸外科 南昌330006,0255,南昌大学第一附属医院心胸外科,李志平
南昌大学第一附属医院心胸外科 南昌330006,0255,南昌大学第一附属医院心胸外科,吴起才
南昌大学第一附属医院心胸外科 南昌330006,0255,南昌大学第一附属医院心胸外科,刘升
南昌大学第一附属医院心胸外科 南昌330006,0255,南昌大学第一附属医院心胸外科,刘晓明
南昌大学第一附属医院心胸外科 南昌330006,0255,南昌大学第一附属医院心胸外科,高涛
南昌大学第一附属医院心胸外科 南昌330006,0255,南昌大学第一附属医院心胸外科,陈干
威海市立医院,0273,威海市立医院,郭志勇
威海市立医院,0273,威海市立医院,滕和志
威海市立医院,0273,威海市立医院,陈艳
威海市立医院,0273,威海市立医院,于松阳
威海市立医院,0273,威海市立医院,林乐文
威海市立医院,0273,威海市立医院,万连壮
威海市立医院,0273,威海市立医院,邹晓霞
威海市立医院 山东威海264200,0273,威海市立医院,郭志勇
威海市立医院 山东威海264200,0273,威海市立医院,滕和志
威海市立医院 山东威海264200,0273,威海市立医院,陈艳
威海市立医院 山东威海264200,0273,威海市立医院,于松阳
威海市立医院 山东威海264200,0273,威海市立医院,林乐文
威海市立医院 山东威海264200,0273,威海市立医院,万连壮
威海市立医院 山东威海264200,0273,威海市立医院,邹晓霞
苏州大学附属第一医院心血管外科,0347,苏州大学附属第一医院心血管外科,余云生
苏州大学附属第一医院心血管外科,0347,苏州大学附属第一医院心血管外科,沈振亚
苏州大学附属第一医院心血管外科,0347,苏州大学附属第一医院心血管外科,于曙东
苏州大学附属第一医院心血管外科,0347,苏州大学附属第一医院心血管外科,朱江
苏州大学附属第一医院心血管外科,0347,苏州大学附属第一医院心血管外科,叶文学焦
苏州大学附属第一医院心血管外科,0347,苏州大学附属第一医院心血管外科,鹏
苏州大学附属第一医院心血管外科,0347,苏州大学附属第一医院心血管外科,黄浩岳
苏州大学附属第一医院心血管外科,0347,苏州大学附属第一医院心血管外科,朱雅萍
苏州大学附属第一医院心血管外科,0347,苏州大学附属第一医院心血管外科,卜丽芬
苏州大学附属第一医院心血管外科,0347,苏州大学附属第一医院心血管外科,胡雁秋
苏州大学附属第一医院心血管外科 江苏苏州215006,0347,苏州大学附属第一医院心血管外科,余云生
苏州大学附属第一医院心血管外科 江苏苏州215006,0347,苏州大学附属第一医院心血管外科,沈振亚
苏州大学附属第一医院心血管外科 江苏苏州215006,0347,苏州大学附属第一医院心血管外科,于曙东
苏州大学附属第一医院心血管外科 江苏苏州215006,0347,苏州大学附属第一医院心血管外科,朱江
苏州大学附属第一医院心血管外科 江苏苏州215006,0347,苏州大学附属第一医院心血管外科,叶文学焦
苏州大学附属第一医院心血管外科 江苏苏州215006,0347,苏州大学附属第一医院心血管外科,鹏
苏州大学附属第一医院心血管外科 江苏苏州215006,0347,苏州大学附属第一医院心血管外科,黄浩岳
苏州大学附属第一医院心血管外科 江苏苏州215006,0347,苏州大学附属第一医院心血管外科,朱雅萍
苏州大学附属第一医院心血管外科 江苏苏州215006,0347,苏州大学附属第一医院心血管外科,卜丽芬
苏州大学附属第一医院心血管外科 江苏苏州215006,0347,苏州大学附属第一医院心血管外科,胡雁秋
湖南省郴州市第一人民医院手术室,0412,湖南省郴州市第一人民医院手术室,尹云清
昆明市延安医院心胸外科ICU,0476,昆明市延安医院心胸外科ICU,邹弘麟
昆明市延安医院心胸外科ICU,0476,昆明市延安医院心胸外科ICU,蒋立虹
昆明市延安医院心胸外科ICU,0476,昆明市延安医院心胸外科ICU,孙小林
昆明市延安医院心胸外科ICU,0476,昆明市延安医院心胸外科ICU,陈智豫
昆明市延安医院心胸外科ICU,0476,昆明市延安医院心胸外科ICU,李亚雄
昆明市延安医院心胸外科ICU,0476,昆明市延安医院心胸外科ICU,韦杰
昆明市延安医院心胸外科ICU,0476,昆明市延安医院心胸外科ICU,王萍
哈尔滨医科大学附属第二医院,0579,哈尔滨医科大学附属第二医院,""
哈尔滨医科大学附属第二医院,0587,哈尔滨医科大学附属第二医院,臧旺福
哈尔滨医科大学附属第二医院,0587,哈尔滨医科大学附属第二医院,夏求明
哈尔滨医科大学附属第二医院,0587,哈尔滨医科大学附属第二医院,陈子道
哈尔滨医科大学附属第二医院,0587,哈尔滨医科大学附属第二医院,姚志发
哈尔滨医科大学第二临床医学院心外科,0591,哈尔滨医科大学第二临床医学院心外科,向桂玉
哈尔滨医科大学第二临床医学院心外科,0591,哈尔滨医科大学第二临床医学院心外科,祁家驹
哈尔滨医科大学第二临床医学院心外科,0591,哈尔滨医科大学第二临床医学院心外科,蒋树林
哈尔滨医科大学第二临床医学院心外科,0591,哈尔滨医科大学第二临床医学院心外科,杨春文
哈尔滨医科大学第二临床医学院心内科,3738,哈尔滨医科大学第二临床医学院心内科,于波
哈尔滨医科大学第二临床医学院心内科,3738,哈尔滨医科大学第二临床医学院心内科,藏旺福
哈尔滨医科大学第二临床医学院心内科,3738,哈尔滨医科大学第二临床医学院心内科,李学奇
哈尔滨医科大学第二临床医学院心内科,3738,哈尔滨医科大学第二临床医学院心内科,关振中
哈尔滨医科大学第二临床医学院心外科,3738,哈尔滨医科大学第二临床医学院心外科,于波
哈尔滨医科大学第二临床医学院心外科,3738,哈尔滨医科大学第二临床医学院心外科,藏旺福
哈尔滨医科大学第二临床医学院心外科,3738,哈尔滨医科大学第二临床医学院心外科,李学奇
哈尔滨医科大学第二临床医学院心外科,3738,哈尔滨医科大学第二临床医学院心外科,关振中
第一军医大学南方医院心胸外科!广东 广州 510515,0004,第一军医大学南方医院心胸外科,邹小明
第一军医大学南方医院心胸外科!广东 广州 510515,0004,第一军医大学南方医院心胸外科,王武军
第一军医大学南方医院心胸外科!广东 广州 510515,0004,第一军医大学南方医院心胸外科,张振
山东省栖霞市人民医院心胸外科,0039,山东省栖霞市人民医院心胸外科,于佳生
山东省栖霞市人民医院心胸外科,0039,山东省栖霞市人民医院心胸外科,娄德剑
山东省栖霞市人民医院心胸外科,0039,山东省栖霞市人民医院心胸外科,林雪维
山东省栖霞市人民医院心胸外科,0039,山东省栖霞市人民医院心胸外科,林长城
山东省栖霞市人民医院心胸外科,0039,山东省栖霞市人民医院心胸外科,张延恩
山东省栖霞市人民医院心胸外科,0039,山东省栖霞市人民医院心胸外科,苏润毅
山东医科大学附属医院心外科,0039,山东医科大学附属医院心外科,于佳生
山东医科大学附属医院心外科,0039,山东医科大学附属医院心外科,娄德剑
山东医科大学附属医院心外科,0039,山东医科大学附属医院心外科,林雪维
山东医科大学附属医院心外科,0039,山东医科大学附属医院心外科,林长城
山东医科大学附属医院心外科,0039,山东医科大学附属医院心外科,张延恩
山东医科大学附属医院心外科,0039,山东医科大学附属医院心外科,苏润毅
山东医科大学附属医院心外科 265300,0039,山东医科大学附属医院心外科,于佳生
山东医科大学附属医院心外科 265300,0039,山东医科大学附属医院心外科,娄德剑
山东医科大学附属医院心外科 265300,0039,山东医科大学附属医院心外科,林雪维
山东医科大学附属医院心外科 265300,0039,山东医科大学附属医院心外科,林长城
山东医科大学附属医院心外科 265300,0039,山东医科大学附属医院心外科,张延恩
山东医科大学附属医院心外科 265300,0039,山东医科大学附属医院心外科,苏润毅
首都医科大学附属北京安贞医院心脏外科,0099,首都医科大学附属北京安贞医院心脏外科,曹向戎
首都医科大学附属北京安贞医院心脏外科,0099,首都医科大学附属北京安贞医院心脏外科,张健群
首都医科大学附属北京安贞医院心脏外科,0099,首都医科大学附属北京安贞医院心脏外科,李继勇
首都医科大学附属北京安贞医院心脏外科,0099,首都医科大学附属北京安贞医院心脏外科,伯平
首都医科大学附属北京安贞医院心脏外科,0099,首都医科大学附属北京安贞医院心脏外科,宋飞强
首都医科大学附属北京安贞医院心脏外科,0099,首都医科大学附属北京安贞医院心脏外科,周其文
首都医科大学附属北京安贞医院胸外科,0099,首都医科大学附属北京安贞医院胸外科,曹向戎
首都医科大学附属北京安贞医院胸外科,0099,首都医科大学附属北京安贞医院胸外科,张健群
首都医科大学附属北京安贞医院胸外科,0099,首都医科大学附属北京安贞医院胸外科,李继勇
首都医科大学附属北京安贞医院胸外科,0099,首都医科大学附属北京安贞医院胸外科,伯平
首都医科大学附属北京安贞医院胸外科,0099,首都医科大学附属北京安贞医院胸外科,宋飞强
首都医科大学附属北京安贞医院胸外科,0099,首都医科大学附属北京安贞医院胸外科,周其文
首都医科大学附属北京安贞医院心脏外科 100029.北京,0099,首都医科大学附属北京安贞医院心脏外科,曹向戎
首都医科大学附属北京安贞医院心脏外科 100029.北京,0099,首都医科大学附属北京安贞医院心脏外科,张健群
首都医科大学附属北京安贞医院心脏外科 100029.北京,0099,首都医科大学附属北京安贞医院心脏外科,李继勇
首都医科大学附属北京安贞医院心脏外科 100029.北京,0099,首都医科大学附属北京安贞医院心脏外科,伯平
首都医科大学附属北京安贞医院心脏外科 100029.北京,0099,首都医科大学附属北京安贞医院心脏外科,宋飞强
首都医科大学附属北京安贞医院心脏外科 100029.北京,0099,首都医科大学附属北京安贞医院心脏外科,周其文
深圳市孙逸仙心血管医院麻醉科,0111,深圳市孙逸仙心血管医院麻醉科,李文媚
深圳市孙逸仙心血管医院麻醉科,0111,深圳市孙逸仙心血管医院麻醉科,王辉
深圳市孙逸仙心血管医院麻醉科,0111,深圳市孙逸仙心血管医院麻醉科,张莉
广东省东莞市人民医院麻醉科,0111,广东省东莞市人民医院麻醉科,李文媚
广东省东莞市人民医院麻醉科,0111,广东省东莞市人民医院麻醉科,王辉
广东省东莞市人民医院麻醉科,0111,广东省东莞市人民医院麻醉科,张莉
深圳市孙逸仙心血管医院麻醉科 深圳518020,0111,深圳市孙逸仙心血管医院麻醉科,李文媚
深圳市孙逸仙心血管医院麻醉科 深圳518020,0111,深圳市孙逸仙心血管医院麻醉科,王辉
深圳市孙逸仙心血管医院麻醉科 深圳518020,0111,深圳市孙逸仙心血管医院麻醉科,张莉
哈尔滨医科大学第二临床医学院心外科,0126,哈尔滨医科大学第二临床医学院心外科,张明宇
哈尔滨医科大学第二临床医学院心外科,0126,哈尔滨医科大学第二临床医学院心外科,田海
哈尔滨医科大学第二临床医学院心外科,0126,哈尔滨医科大学第二临床医学院心外科,刘开宇
哈尔滨医科大学第二临床医学院心外科 黑龙江哈尔滨150086,0126,哈尔滨医科大学第二临床医学院心外科,张明宇
哈尔滨医科大学第二临床医学院心外科 黑龙江哈尔滨150086,0126,哈尔滨医科大学第二临床医学院心外科,田海
哈尔滨医科大学第二临床医学院心外科 黑龙江哈尔滨150086,0126,哈尔滨医科大学第二临床医学院心外科,刘开宇
江苏省扬州市第一人民医院手术室,0141,江苏省扬州市第一人民医院手术室,孙秀芳
江苏省扬州市第一人民医院手术室,0141,江苏省扬州市第一人民医院手术室,赵烨
江苏省扬州市第一人民医院手术室 邮编225001,0141,江苏省扬州市第一人民医院手术室,孙秀芳
江苏省扬州市第一人民医院手术室 邮编225001,0141,江苏省扬州市第一人民医院手术室,赵烨
山西医科大学第一临床医学院心外科,0144,山西医科大学第一临床医学院心外科,杨新卫
山西医科大学第一临床医学院心外科,0144,山西医科大学第一临床医学院心外科,李志英
山西医科大学第一临床医学院心外科,0144,山西医科大学第一临床医学院心外科,郭林静
山西医科大学第一临床医学院心外科,0144,山西医科大学第一临床医学院心外科,梁智星
山西医科大学第一临床医学院心外科,0144,山西医科大学第一临床医学院心外科,任梅惠
山西医科大学第一临床医学院心外科 太原030001,0144,山西医科大学第一临床医学院心外科,杨新卫
山西医科大学第一临床医学院心外科 太原030001,0144,山西医科大学第一临床医学院心外科,李志英
山西医科大学第一临床医学院心外科 太原030001,0144,山西医科大学第一临床医学院心外科,郭林静
山西医科大学第一临床医学院心外科 太原030001,0144,山西医科大学第一临床医学院心外科,梁智星
山西医科大学第一临床医学院心外科 太原030001,0144,山西医科大学第一临床医学院心外科,任梅惠
徐州医学院附属医院心胸外科,0150,徐州医学院附属医院心胸外科,胡波
徐州医学院附属医院心胸外科 江苏徐州221002,0150,徐州医学院附属医院心胸外科,胡波
徐州医学院附属医院心胸外科,0152,徐州医学院附属医院心胸外科,
徐州医学院附属医院心胸外科 221002,0152,徐州医学院附属医院心胸外科,
同济大学附属东方医院胸心外科,0169,同济大学附属东方医院胸心外科,刘中民
同济大学附属东方医院胸心外科,0169,同济大学附属东方医院胸心外科,范慧敏
同济大学附属东方医院胸心外科,0169,同济大学附属东方医院胸心外科,刘泳
同济大学附属东方医院胸心外科,0169,同济大学附属东方医院胸心外科,卢蓉
同济大学附属东方医院胸心外科,0169,同济大学附属东方医院胸心外科,郭建华
同济大学附属东方医院胸心外科 200120上海,0169,同济大学附属东方医院胸心外科,刘中民
同济大学附属东方医院胸心外科 200120上海,0169,同济大学附属东方医院胸心外科,范慧敏
同济大学附属东方医院胸心外科 200120上海,0169,同济大学附属东方医院胸心外科,刘泳
同济大学附属东方医院胸心外科 200120上海,0169,同济大学附属东方医院胸心外科,卢蓉
同济大学附属东方医院胸心外科 200120上海,0169,同济大学附属东方医院胸心外科,郭建华
江苏大学附属人民医院心胸外科,0173,江苏大学附属人民医院心胸外科,刘建
江苏大学附属人民医院心胸外科,0173,江苏大学附属人民医院心胸外科,陈锁成
江苏大学附属人民医院心胸外科,0173,江苏大学附属人民医院心胸外科,王康荣
江苏大学附属人民医院心胸外科,0173,江苏大学附属人民医院心胸外科,戎国祥
江苏大学附属人民医院心胸外科,0173,江苏大学附属人民医院心胸外科,董长青
江苏大学附属人民医院心胸外科 江苏镇江212002,0173,江苏大学附属人民医院心胸外科,刘建
江苏大学附属人民医院心胸外科 江苏镇江212002,0173,江苏大学附属人民医院心胸外科,陈锁成
江苏大学附属人民医院心胸外科 江苏镇江212002,0173,江苏大学附属人民医院心胸外科,王康荣
江苏大学附属人民医院心胸外科 江苏镇江212002,0173,江苏大学附属人民医院心胸外科,戎国祥
江苏大学附属人民医院心胸外科 江苏镇江212002,0173,江苏大学附属人民医院心胸外科,董长青
南京军区福州总医院心胸外科,0178,南京军区福州总医院心胸外科,盛继红
南京军区福州总医院心胸外科,0178,南京军区福州总医院心胸外科,陈龙
南京军区福州总医院心胸外科,0178,南京军区福州总医院心胸外科,曾志勇
南京军区福州总医院心胸外科,0178,南京军区福州总医院心胸外科,王文睿
南京军区福州总医院心胸外科,0178,南京军区福州总医院心胸外科,陈炜生
南京军区福州总医院心胸外科 福建福州350025,0178,南京军区福州总医院心胸外科,盛继红
南京军区福州总医院心胸外科 福建福州350025,0178,南京军区福州总医院心胸外科,陈龙
南京军区福州总医院心胸外科 福建福州350025,0178,南京军区福州总医院心胸外科,曾志勇
南京军区福州总医院心胸外科 福建福州350025,0178,南京军区福州总医院心胸外科,王文睿
南京军区福州总医院心胸外科 福建福州350025,0178,南京军区福州总医院心胸外科,陈炜生
广州军区武汉总医院麻醉科,0191,广州军区武汉总医院麻醉科,程旺生
广州军区武汉总医院麻醉科,0191,广州军区武汉总医院麻醉科,程大新
广州军区武汉总医院麻醉科,0191,广州军区武汉总医院麻醉科,陈利民
广州军区武汉总医院麻醉科,0191,广州军区武汉总医院麻醉科,沈七襄
广州军区武汉总医院麻醉科,0191,广州军区武汉总医院麻醉科,朱水波
广州军区武汉总医院麻醉科 武汉 430070,0191,广州军区武汉总医院麻醉科,程旺生
广州军区武汉总医院麻醉科 武汉 430070,0191,广州军区武汉总医院麻醉科,程大新
广州军区武汉总医院麻醉科 武汉 430070,0191,广州军区武汉总医院麻醉科,陈利民
广州军区武汉总医院麻醉科 武汉 430070,0191,广州军区武汉总医院麻醉科,沈七襄
广州军区武汉总医院麻醉科 武汉 430070,0191,广州军区武汉总医院麻醉科,朱水波
华中科技大学同济医学院附属协和医院心血管外科,0226,华中科技大学同济医学院附属协和医院心血管外科,孙宗全
华中科技大学同济医学院附属协和医院心血管外科,0226,华中科技大学同济医学院附属协和医院心血管外科,史嘉玮
华中科技大学同济医学院附属协和医院心血管外科,0226,华中科技大学同济医学院附属协和医院心血管外科,张凯伦
华中科技大学同济医学院附属协和医院心血管外科,0226,华中科技大学同济医学院附属协和医院心血管外科,肖诗亮
华中科技大学同济医学院附属协和医院心血管外科,0226,华中科技大学同济医学院附属协和医院心血管外科,董念国
华中科技大学同济医学院附属协和医院心血管外科,0226,华中科技大学同济医学院附属协和医院心血管外科,蒋雄刚
华中科技大学同济医学院附属协和医院心血管外科,0226,华中科技大学同济医学院附属协和医院心血管外科,刘成硅
华中科技大学同济医学院附属协和医院心血管外科 430022武汉,0226,华中科技大学同济医学院附属协和医院心血管外科,孙宗全
华中科技大学同济医学院附属协和医院心血管外科 430022武汉,0226,华中科技大学同济医学院附属协和医院心血管外科,史嘉玮
华中科技大学同济医学院附属协和医院心血管外科 430022武汉,0226,华中科技大学同济医学院附属协和医院心血管外科,张凯伦
华中科技大学同济医学院附属协和医院心血管外科 430022武汉,0226,华中科技大学同济医学院附属协和医院心血管外科,肖诗亮
华中科技大学同济医学院附属协和医院心血管外科 430022武汉,0226,华中科技大学同济医学院附属协和医院心血管外科,董念国
华中科技大学同济医学院附属协和医院心血管外科 430022武汉,0226,华中科技大学同济医学院附属协和医院心血管外科,蒋雄刚
华中科技大学同济医学院附属协和医院心血管外科 430022武汉,0226,华中科技大学同济医学院附属协和医院心血管外科,刘成硅
华中科技大学同济医学院附属协和医院心血管外科,0239,华中科技大学同济医学院附属协和医院心血管外科,刘金平
华中科技大学同济医学院附属协和医院心血管外科,0239,华中科技大学同济医学院附属协和医院心血管外科,徐志娟
华中科技大学同济医学院附属协和医院心血管外科 武汉430022,0239,华中科技大学同济医学院附属协和医院心血管外科,刘金平
华中科技大学同济医学院附属协和医院心血管外科 武汉430022,0239,华中科技大学同济医学院附属协和医院心血管外科,徐志娟
广东省人民医院心外科,0261,广东省人民医院心外科,吴若彬
广东省人民医院心外科,0261,广东省人民医院心外科,姚桦
广东省人民医院心外科,0261,广东省人民医院心外科,林曙光
广东省人民医院心外科,0261,广东省人民医院心外科,郑少忆
广东省人民医院心外科,0261,广东省人民医院心外科,陈正贤
广东省人民医院心外科,0261,广东省人民医院心外科,陈刚
广东省人民医院心外科,0261,广东省人民医院心外科,黄克力
广东省人民医院心外科,0261,广东省人民医院心外科,熊卫萍
广东省人民医院心内科,0261,广东省人民医院心内科,吴若彬
广东省人民医院心内科,0261,广东省人民医院心内科,姚桦
广东省人民医院心内科,0261,广东省人民医院心内科,林曙光
广东省人民医院心内科,0261,广东省人民医院心内科,郑少忆
广东省人民医院心内科,0261,广东省人民医院心内科,陈正贤
广东省人民医院心内科,0261,广东省人民医院心内科,陈刚
广东省人民医院心内科,0261,广东省人民医院心内科,黄克力
广东省人民医院心内科,0261,广东省人民医院心内科,熊卫萍
广东省人民医院呼吸科,0261,广东省人民医院呼吸科,吴若彬
广东省人民医院呼吸科,0261,广东省人民医院呼吸科,姚桦
广东省人民医院呼吸科,0261,广东省人民医院呼吸科,林曙光
广东省人民医院呼吸科,0261,广东省人民医院呼吸科,郑少忆
广东省人民医院呼吸科,0261,广东省人民医院呼吸科,陈正贤
广东省人民医院呼吸科,0261,广东省人民医院呼吸科,陈刚
广东省人民医院呼吸科,0261,广东省人民医院呼吸科,黄克力
广东省人民医院呼吸科,0261,广东省人民医院呼吸科,熊卫萍
广东省人民医院胸外科,0261,广东省人民医院胸外科,吴若彬
广东省人民医院胸外科,0261,广东省人民医院胸外科,姚桦
广东省人民医院胸外科,0261,广东省人民医院胸外科,林曙光
广东省人民医院胸外科,0261,广东省人民医院胸外科,郑少忆
广东省人民医院胸外科,0261,广东省人民医院胸外科,陈正贤
广东省人民医院胸外科,0261,广东省人民医院胸外科,陈刚
广东省人民医院胸外科,0261,广东省人民医院胸外科,黄克力
广东省人民医院胸外科,0261,广东省人民医院胸外科,熊卫萍
广东省人民医院心外科 广州510080,0261,广东省人民医院心外科,吴若彬
广东省人民医院心外科 广州510080,0261,广东省人民医院心外科,姚桦
广东省人民医院心外科 广州510080,0261,广东省人民医院心外科,林曙光
广东省人民医院心外科 广州510080,0261,广东省人民医院心外科,郑少忆
广东省人民医院心外科 广州510080,0261,广东省人民医院心外科,陈正贤
广东省人民医院心外科 广州510080,0261,广东省人民医院心外科,陈刚
广东省人民医院心外科 广州510080,0261,广东省人民医院心外科,黄克力
广东省人民医院心外科 广州510080,0261,广东省人民医院心外科,熊卫萍
深圳市孙逸仙心血管医院手术室,0278,深圳市孙逸仙心血管医院手术室,柳玉容
深圳市孙逸仙心血管医院手术室,0278,深圳市孙逸仙心血管医院手术室,张艳晖
深圳市孙逸仙心血管医院手术室,0278,深圳市孙逸仙心血管医院手术室,左红
深圳市孙逸仙心血管医院手术室,0278,深圳市孙逸仙心血管医院手术室,林枫楠
合肥市第一人民医院胸外科,0285,合肥市第一人民医院胸外科,王可兵
合肥市第一人民医院胸外科,0285,合肥市第一人民医院胸外科,丁宁
合肥市第一人民医院胸外科,0285,合肥市第一人民医院胸外科,余兵
合肥市第一人民医院胸外科,0285,合肥市第一人民医院胸外科,张琳
合肥市第一人民医院胸外科,0285,合肥市第一人民医院胸外科,陈秀俭
合肥市第一人民医院胸外科 安徽合肥230061,0285,合肥市第一人民医院胸外科,王可兵
合肥市第一人民医院胸外科 安徽合肥230061,0285,合肥市第一人民医院胸外科,丁宁
合肥市第一人民医院胸外科 安徽合肥230061,0285,合肥市第一人民医院胸外科,余兵
合肥市第一人民医院胸外科 安徽合肥230061,0285,合肥市第一人民医院胸外科,张琳
合肥市第一人民医院胸外科 安徽合肥230061,0285,合肥市第一人民医院胸外科,陈秀俭
安徽医科大学附属合肥市第一人民医院,0297,安徽医科大学附属合肥市第一人民医院,王春生
安徽医科大学附属合肥市第一人民医院,0297,安徽医科大学附属合肥市第一人民医院,李蕾
安徽医科大学附属合肥市第一人民医院,0297,安徽医科大学附属合肥市第一人民医院,艾皖平
复旦大学附属中山医院,0297,复旦大学附属中山医院,王春生
复旦大学附属中山医院,0297,复旦大学附属中山医院,李蕾
复旦大学附属中山医院,0297,复旦大学附属中山医院,艾皖平
安徽医科大学附属合肥市第一人民医院 合肥230061,0297,安徽医科大学附属合肥市第一人民医院,王春生
安徽医科大学附属合肥市第一人民医院 合肥230061,0297,安徽医科大学附属合肥市第一人民医院,李蕾
安徽医科大学附属合肥市第一人民医院 合肥230061,0297,安徽医科大学附属合肥市第一人民医院,艾皖平
云南省第一人民医院胸心外科,0298,云南省第一人民医院胸心外科,王平
云南省第一人民医院胸心外科,0298,云南省第一人民医院胸心外科,彭浩
云南省第一人民医院胸心外科,0298,云南省第一人民医院胸心外科,陈新隆
云南省第一人民医院胸心外科,0298,云南省第一人民医院胸心外科,熊健
云南省第一人民医院胸心外科,0298,云南省第一人民医院胸心外科,毛新
云南省第一人民医院胸心外科,0298,云南省第一人民医院胸心外科,程宏忠
云南省第一人民医院胸心外科,0298,云南省第一人民医院胸心外科,彭俊
云南省第一人民医院胸心外科 云南昆明650032,0298,云南省第一人民医院胸心外科,王平
云南省第一人民医院胸心外科 云南昆明650032,0298,云南省第一人民医院胸心外科,彭浩
云南省第一人民医院胸心外科 云南昆明650032,0298,云南省第一人民医院胸心外科,陈新隆
云南省第一人民医院胸心外科 云南昆明650032,0298,云南省第一人民医院胸心外科,熊健
云南省第一人民医院胸心外科 云南昆明650032,0298,云南省第一人民医院胸心外科,毛新
云南省第一人民医院胸心外科 云南昆明650032,0298,云南省第一人民医院胸心外科,程宏忠
云南省第一人民医院胸心外科 云南昆明650032,0298,云南省第一人民医院胸心外科,彭俊
广州医学院第一附属医院广州呼吸疾病研究所,0303,广州医学院第一附属医院广州呼吸疾病研究所,殷伟强
广州医学院第一附属医院广州呼吸疾病研究所,0303,广州医学院第一附属医院广州呼吸疾病研究所,钟南山
广州医学院第一附属医院广州呼吸疾病研究所,0303,广州医学院第一附属医院广州呼吸疾病研究所,何建行
广州医学院第一附属医院广州呼吸疾病研究所,0303,广州医学院第一附属医院广州呼吸疾病研究所,徐鑫
广州医学院第一附属医院广州呼吸疾病研究所,0303,广州医学院第一附属医院广州呼吸疾病研究所,葛林虎
广州医学院第一附属医院广州呼吸疾病研究所,0303,广州医学院第一附属医院广州呼吸疾病研究所,陈汉章
广州医学院第一附属医院广州呼吸疾病研究所,0303,广州医学院第一附属医院广州呼吸疾病研究所,肖东
广州医学院第一附属医院广州呼吸疾病研究所,0303,广州医学院第一附属医院广州呼吸疾病研究所,韦兵
广州医学院第一附属医院广州呼吸疾病研究所,0303,广州医学院第一附属医院广州呼吸疾病研究所,成向阳
广州医学院第一附属医院广州呼吸疾病研究所,0303,广州医学院第一附属医院广州呼吸疾病研究所,刘君
中山大学附属第一医院手术室,0352,中山大学附属第一医院手术室,龚凤球
中山大学附属第一医院手术室,0352,中山大学附属第一医院手术室,成守珍
中山大学附属第一医院手术室,0352,中山大学附属第一医院手术室,卢惠玲
中山大学附属第一医院手术室 广东广州510080,0352,中山大学附属第一医院手术室,龚凤球
中山大学附属第一医院手术室 广东广州510080,0352,中山大学附属第一医院手术室,成守珍
中山大学附属第一医院手术室 广东广州510080,0352,中山大学附属第一医院手术室,卢惠玲
镇江市第一人民医院心胸外科,0354,镇江市第一人民医院心胸外科,丁国文
镇江市第一人民医院心胸外科,0354,镇江市第一人民医院心胸外科,任正兵
镇江市第一人民医院心胸外科,0354,镇江市第一人民医院心胸外科,孙斌
镇江市第一人民医院心胸外科,0354,镇江市第一人民医院心胸外科,唐巍峰
镇江市第一人民医院心胸外科,0354,镇江市第一人民医院心胸外科,施益军
广州医学院第一附属医院广州呼吸疾病研究所,0370,广州医学院第一附属医院广州呼吸疾病研究所,邱源
福建医科大学附属协和医院心脏外科,0414,福建医科大学附属协和医院心脏外科,吴俪丽
福建医科大学附属协和医院心脏外科,0414,福建医科大学附属协和医院心脏外科,江晶
中山大学附属第一医院手术室,0423,中山大学附属第一医院手术室,罗桂元
中山大学附属第一医院手术室,0423,中山大学附属第一医院手术室,余小曼
中山大学附属第一医院手术室,0423,中山大学附属第一医院手术室,李美清
中山大学附属第一医院手术室,0423,中山大学附属第一医院手术室,马育璇
江苏省镇江市第一人民医院胸外科,0463,江苏省镇江市第一人民医院胸外科,
第四军医大学西京医院心血管外科,0492,第四军医大学西京医院心血管外科,陈涛
第四军医大学西京医院心血管外科,0492,第四军医大学西京医院心血管外科,毕生辉
第四军医大学西京医院心血管外科,0492,第四军医大学西京医院心血管外科,程亮
第四军医大学西京医院心血管外科,0492,第四军医大学西京医院心血管外科,王红兵
第四军医大学西京医院心血管外科,0492,第四军医大学西京医院心血管外科,刘金成
第四军医大学西京医院心血管外科,0492,第四军医大学西京医院心血管外科,金振晓
广东省深圳市孙逸仙心血管医院手术室,0499,广东省深圳市孙逸仙心血管医院手术室,涂霞
广东省深圳市孙逸仙心血管医院手术室,0499,广东省深圳市孙逸仙心血管医院手术室,张艳辉
广东省深圳市孙逸仙心血管医院手术室,0499,广东省深圳市孙逸仙心血管医院手术室,姜妮
昆明医科大学附属延安医院麻醉科,0528,昆明医科大学附属延安医院麻醉科,王芳
昆明医科大学附属延安医院麻醉科,0528,昆明医科大学附属延安医院麻醉科,王钊
昆明医科大学附属延安医院麻醉科,0528,昆明医科大学附属延安医院麻醉科,李梅
昆明医科大学附属延安医院麻醉科,0528,昆明医科大学附属延安医院麻醉科,王翔
昆明医科大学附属延安医院麻醉科,0528,昆明医科大学附属延安医院麻醉科,夏阳
昆明医科大学附属延安医院心脏大血管麻醉科,0528,昆明医科大学附属延安医院心脏大血管麻醉科,王芳
昆明医科大学附属延安医院心脏大血管麻醉科,0528,昆明医科大学附属延安医院心脏大血管麻醉科,王钊
昆明医科大学附属延安医院心脏大血管麻醉科,0528,昆明医科大学附属延安医院心脏大血管麻醉科,李梅
昆明医科大学附属延安医院心脏大血管麻醉科,0528,昆明医科大学附属延安医院心脏大血管麻醉科,王翔
昆明医科大学附属延安医院心脏大血管麻醉科,0528,昆明医科大学附属延安医院心脏大血管麻醉科,夏阳
昆明医科大学附属延安医院办公室,0528,昆明医科大学附属延安医院办公室,王芳
昆明医科大学附属延安医院办公室,0528,昆明医科大学附属延安医院办公室,王钊
昆明医科大学附属延安医院办公室,0528,昆明医科大学附属延安医院办公室,李梅
昆明医科大学附属延安医院办公室,0528,昆明医科大学附属延安医院办公室,王翔
昆明医科大学附属延安医院办公室,0528,昆明医科大学附属延安医院办公室,夏阳
同济医科大学心血管病学研究所心外科!武汉430022,0573,同济医科大学心血管病学研究所心外科,杨辰垣
同济医科大学心血管病学研究所心外科!武汉430022,0573,同济医科大学心血管病学研究所心外科,蔡俊坚
同济医科大学心血管病学研究所心外科!武汉430022,0573,同济医科大学心血管病学研究所心外科,蓝鸿钧
同济医科大学心血管病学研究所心外科!武汉430022,0573,同济医科大学心血管病学研究所心外科,叶世铎
同济医科大学心血管病学研?,0573,同济医科大学心血管病学研?,杨辰垣
同济医科大学心血管病学研?,0573,同济医科大学心血管病学研?,蔡俊坚
同济医科大学心血管病学研?,0573,同济医科大学心血管病学研?,蓝鸿钧
同济医科大学心血管病学研?,0573,同济医科大学心血管病学研?,叶世铎
解放军第一八一医院心脏中心,0639,解放军第一八一医院心脏中心,潘禹辰
解放军第一八一医院心脏中心,0639,解放军第一八一医院心脏中心,轩永波
解放军第一八一医院心脏中心,0639,解放军第一八一医院心脏中心,罗爱国
解放军第一八一医院心脏中心,0639,解放军第一八一医院心脏中心,朱中权
解放军第一八一医院心脏中心,0639,解放军第一八一医院心脏中心,唐开维
解放军第一八一医院心脏中心,0639,解放军第一八一医院心脏中心,左艳
复旦大学附属中山医院心外科上海市心血管病研究所复旦大学器官移植中心,0640,复旦大学附属中山医院心外科上海市心血管病研究所复旦大学器官移植中心,杨守国
复旦大学附属中山医院心外科上海市心血管病研究所复旦大学器官移植中心,0640,复旦大学附属中山医院心外科上海市心血管病研究所复旦大学器官移植中心,陈昊
复旦大学附属中山医院心外科上海市心血管病研究所复旦大学器官移植中心,0640,复旦大学附属中山医院心外科上海市心血管病研究所复旦大学器官移植中心,杨兆华
复旦大学附属中山医院心外科上海市心血管病研究所复旦大学器官移植中心,0640,复旦大学附属中山医院心外科上海市心血管病研究所复旦大学器官移植中心,张红强
复旦大学附属中山医院心外科上海市心血管病研究所复旦大学器官移植中心,0640,复旦大学附属中山医院心外科上海市心血管病研究所复旦大学器官移植中心,王帆顺
复旦大学附属中山医院心外科上海市心血管病研究所复旦大学器官移植中心,0640,复旦大学附属中山医院心外科上海市心血管病研究所复旦大学器官移植中心,庄亚敏
第四军医大学西京医院心脏内科,0741,第四军医大学西京医院心脏内科,李兰荪
第四军医大学西京医院心血管外科,0741,第四军医大学西京医院心血管外科,李兰荪
第四军医大学西京医院心血管外科 陕西西安710033,0741,第四军医大学西京医院心血管外科,李兰荪
徐州医学院附属医院麻醉科,0779,徐州医学院附属医院麻醉科,秦晔晖
徐州医学院附属医院麻醉科,0779,徐州医学院附属医院麻醉科,刘金东
徐州医学院附属医院胸心外科,0779,徐州医学院附属医院胸心外科,秦晔晖
徐州医学院附属医院胸心外科,0779,徐州医学院附属医院胸心外科,刘金东
哈尔滨医科大学第二附属医院胸心外科 江苏徐州221002,0779,哈尔滨医科大学第二附属医院胸心外科,秦晔晖
哈尔滨医科大学第二附属医院胸心外科 江苏徐州221002,0779,哈尔滨医科大学第二附属医院胸心外科,刘金东
徐州医学院附属医院麻醉科,0903,徐州医学院附属医院麻醉科,丁伟
徐州医学院附属医院麻醉科,0903,徐州医学院附属医院麻醉科,曹君利
徐州医学院附属医院麻醉科,0903,徐州医学院附属医院麻醉科,齐敦益
徐州医学院附属医院麻醉科,0903,徐州医学院附属医院麻醉科,马正良
徐州医学院附属医院麻醉科,0903,徐州医学院附属医院麻醉科,曾因明
徐州医学院附属医院麻醉科 江苏徐州221002,0903,徐州医学院附属医院麻醉科,丁伟
徐州医学院附属医院麻醉科 江苏徐州221002,0903,徐州医学院附属医院麻醉科,曹君利
徐州医学院附属医院麻醉科 江苏徐州221002,0903,徐州医学院附属医院麻醉科,齐敦益
徐州医学院附属医院麻醉科 江苏徐州221002,0903,徐州医学院附属医院麻醉科,马正良
徐州医学院附属医院麻醉科 江苏徐州221002,0903,徐州医学院附属医院麻醉科,曾因明
镇江市第一人民医院胸外科,1038,镇江市第一人民医院胸外科,唐伟峰
镇江市第一人民医院胸外科,1038,镇江市第一人民医院胸外科,尹俊
镇江市第一人民医院胸外科 212002,1038,镇江市第一人民医院胸外科,唐伟峰
镇江市第一人民医院胸外科 212002,1038,镇江市第一人民医院胸外科,尹俊
南通大学附属医院手术室,1132,南通大学附属医院手术室,盛裕萍
南通大学附属医院手术室,1132,南通大学附属医院手术室,袁玲玲
南通大学附属医院手术室,1132,南通大学附属医院手术室,高福民
南通大学附属医院手术室 江苏226001,1132,南通大学附属医院手术室,盛裕萍
南通大学附属医院手术室 江苏226001,1132,南通大学附属医院手术室,袁玲玲
南通大学附属医院手术室 江苏226001,1132,南通大学附属医院手术室,高福民
广州医学院广州呼吸疾病研究所胸外科,1288,广州医学院广州呼吸疾病研究所胸外科,崔飞
广州医学院广州呼吸疾病研究所胸外科,1288,广州医学院广州呼吸疾病研究所胸外科,杨运有
广州医学院广州呼吸疾病研究所胸外科 广东广州510120,1288,广州医学院广州呼吸疾病研究所胸外科,崔飞
广州医学院广州呼吸疾病研究所胸外科 广东广州510120,1288,广州医学院广州呼吸疾病研究所胸外科,杨运有
同济大学附属东方医院东方中德心脏中心胸心外科,1444,同济大学附属东方医院东方中德心脏中心胸心外科,
广州医学院第一附属医院广州呼吸病研究所,1447,广州医学院第一附属医院广州呼吸病研究所,
首都医科大学附属北京安贞医院 100029,1551,首都医科大学附属北京安贞医院,张志泰
昆明医学院第一附属医院胸外科,1716,昆明医学院第一附属医院胸外科,洪志鹏
昆明医学院第一附属医院胸外科,1716,昆明医学院第一附属医院胸外科,尹小川
昆明医学院第一附属医院胸外科,1716,昆明医学院第一附属医院胸外科,李定彪
昆明医学院第一附属医院胸外科,1716,昆明医学院第一附属医院胸外科,张璟
昆明医学院第一附属医院胸外科,1716,昆明医学院第一附属医院胸外科,段晋
昆明医学院第一附属医院胸外科,1716,昆明医学院第一附属医院胸外科,太祥
昆明医学院第一附属医院胸外科,1716,昆明医学院第一附属医院胸外科,余庆鹤
昆明医学院第一附属医院胸外科,1716,昆明医学院第一附属医院胸外科,黄韬
昆明医学院第一附属医院胸外科,1716,昆明医学院第一附属医院胸外科,杨林珠
昆明医学院第一附属医院胸外科,1716,昆明医学院第一附属医院胸外科,熊国盛
昆明医学院第一附属医院胸外科 昆明650032,1716,昆明医学院第一附属医院胸外科,洪志鹏
昆明医学院第一附属医院胸外科 昆明650032,1716,昆明医学院第一附属医院胸外科,尹小川
昆明医学院第一附属医院胸外科 昆明650032,1716,昆明医学院第一附属医院胸外科,李定彪
昆明医学院第一附属医院胸外科 昆明650032,1716,昆明医学院第一附属医院胸外科,张璟
昆明医学院第一附属医院胸外科 昆明650032,1716,昆明医学院第一附属医院胸外科,段晋
昆明医学院第一附属医院胸外科 昆明650032,1716,昆明医学院第一附属医院胸外科,太祥
昆明医学院第一附属医院胸外科 昆明650032,1716,昆明医学院第一附属医院胸外科,余庆鹤
昆明医学院第一附属医院胸外科 昆明650032,1716,昆明医学院第一附属医院胸外科,黄韬
昆明医学院第一附属医院胸外科 昆明650032,1716,昆明医学院第一附属医院胸外科,杨林珠
昆明医学院第一附属医院胸外科 昆明650032,1716,昆明医学院第一附属医院胸外科,熊国盛
广州医学院第一附属医院广州呼吸疾病研究所,1760,广州医学院第一附属医院广州呼吸疾病研究所,
广州医学院第一附属医院广州呼吸疾病研究所 广东广州510120,1760,广州医学院第一附属医院广州呼吸疾病研究所,
复旦大学附属中山医院心外科，复旦大学器官移植中心，上海市心血管病研究所,1803,复旦大学附属中山医院心外科，复旦大学器官移植中心，上海市心血管病研究所,洪涛
复旦大学附属中山医院心外科，复旦大学器官移植中心，上海市心血管病研究所,1803,复旦大学附属中山医院心外科，复旦大学器官移植中心，上海市心血管病研究所,张颖
复旦大学附属中山医院心外科，复旦大学器官移植中心，上海市心血管病研究所,1803,复旦大学附属中山医院心外科，复旦大学器官移植中心，上海市心血管病研究所,朱仕杰
复旦大学附属中山医院心外科，复旦大学器官移植中心，上海市心血管病研究所,1803,复旦大学附属中山医院心外科，复旦大学器官移植中心，上海市心血管病研究所,姜桢
广州医学院第一附属医院、广州呼吸疾病研究所,2155,广州医学院第一附属医院、广州呼吸疾病研究所,
南京医科大学第一附属医院麻醉科,2497,南京医科大学第一附属医院麻醉科,唐晓阳
南京医科大学第一附属医院麻醉科,2497,南京医科大学第一附属医院麻醉科,王灿琴
南京医科大学第一附属医院麻醉科,2497,南京医科大学第一附属医院麻醉科,钱燕宁
南京医科大学第一附属医院麻醉科,2497,南京医科大学第一附属医院麻醉科,孙杰
南京医科大学第一附属医院麻醉科,2497,南京医科大学第一附属医院麻醉科,丁正年
江苏省镇江市第一人民医院手术室,3000,江苏省镇江市第一人民医院手术室,张艳江
江苏省镇江市第一人民医院手术室,3000,江苏省镇江市第一人民医院手术室,许玮
江苏省镇江市第一人民医院手术室,3000,江苏省镇江市第一人民医院手术室,孙玲
上海第二医学院附属瑞金医院麻醉科,3229,上海第二医学院附属瑞金医院麻醉科,王鞠武
上海第二医学院附属瑞金医院麻醉科,3229,上海第二医学院附属瑞金医院麻醉科,黄宗明
上海第二医学院附属瑞金医院麻醉科,3229,上海第二医学院附属瑞金医院麻醉科,王志增
上海第二医学院附属瑞金医院麻醉科,3229,上海第二医学院附属瑞金医院麻醉科,李杏芳
同济医科大学附属同济医院胸心外科,3528,同济医科大学附属同济医院胸心外科,张本固
同济医科大学附属同济医院胸心外科,3528,同济医科大学附属同济医院胸心外科,张良华
同济医科大学附属同济医院胸心外科,3528,同济医科大学附属同济医院胸心外科,葛酉新
同济医科大学附属同济医院胸心外科,3528,同济医科大学附属同济医院胸心外科,陈启福
同济医科大学附属同济医院胸心外科,3528,同济医科大学附属同济医院胸心外科,汤应雄
同济医科大学附属同济医院胸心外科,3528,同济医科大学附属同济医院胸心外科,赵金平
同济医科大学附属同济医院胸心外科,3528,同济医科大学附属同济医院胸心外科,刘建武
同济医科大学附属同济医院胸心外科,3528,同济医科大学附属同济医院胸心外科,陈夏丰
同济医科大学附属同济医院,3528,同济医科大学附属同济医院,张本固
同济医科大学附属同济医院,3528,同济医科大学附属同济医院,张良华
同济医科大学附属同济医院,3528,同济医科大学附属同济医院,葛酉新
同济医科大学附属同济医院,3528,同济医科大学附属同济医院,陈启福
同济医科大学附属同济医院,3528,同济医科大学附属同济医院,汤应雄
同济医科大学附属同济医院,3528,同济医科大学附属同济医院,赵金平
同济医科大学附属同济医院,3528,同济医科大学附属同济医院,刘建武
同济医科大学附属同济医院,3528,同济医科大学附属同济医院,陈夏丰
福建省心血管病研究所,3666,福建省心血管病研究所,谢维泉
福建省心血管病研究所,3666,福建省心血管病研究所,韩涛
福建省心血管病研究所,3666,福建省心血管病研究所,浦晓东
福建省心血管病研究所,3666,福建省心血管病研究所,陈同
福建省心血管病研究所,3666,福建省心血管病研究所,陈秋荣
广州医学院第二附属医院胸心外科!广州,3694,广州医学院第二附属医院胸心外科,彭品贤
广州医学院第二附属医院胸心外科!广州,3694,广州医学院第二附属医院胸心外科,蔡广振
广州医学院第二附属医院胸心外科!广州,3694,广州医学院第二附属医院胸心外科,梁建辉
广州医学院第二附属医院胸心外科!广州,3694,广州医学院第二附属医院胸心外科,方丹青
广州医学院第二附属医院胸心外科!广州,3694,广州医学院第二附属医院胸心外科,林清文
广州医学院第二附属医院胸心外科!广州,3694,广州医学院第二附属医院胸心外科,蔡平
广州医学院第二附属医院胸心外科!广州,3694,广州医学院第二附属医院胸心外科,张鑫
泸州医学院附属医院麻醉科,3892,泸州医学院附属医院麻醉科,卓帅
泸州医学院附属医院麻醉科,3892,泸州医学院附属医院麻醉科,刘斌
四川大学华西医院麻醉科,3892,四川大学华西医院麻醉科,卓帅
四川大学华西医院麻醉科,3892,四川大学华西医院麻醉科,刘斌
