path,file_name,target_string,string_location,string_distance,matching_string,context,document_id,code,comment,translation
./data/papers_txt_clean/,CJFD2000_LCMZ200003005.txt,"脑死亡后,气管插管",862,0.272727272727273,亡 后立即气管插管,"大。肺组织病理检查表明肺血管明显减少。诊断原发性肺 动脉高压，慢性右心功能不全，心功能IV级。供体心肺功能正常,但胸廓小于受体10%。于脑死亡 后立即气管插管接简易呼吸囊行控制呼吸，FiO尸0 2。迅 速开胸,肝素化,分离心肺组织,阻断升主动脉后,从主动脉 根部灌注冷晶体停搏液10",CJFD2000_LCMZ200003005,2,"see later 1 .供体心肺的处理:(1)注意保持气道干燥, 备好吸痰装
置, 插管要迅速、准确","Big. Pathological examination of lung tissue showed that the pulmonary blood vessels were significantly reduced. Diagnosis of primary pulmonary hypertension, chronic right heart insufficiency, heart function grade IV. The donor's cardiopulmonary function is normal, but the thorax is less than 10% of the recipient. Immediately after brain death, the trachea was intubated and a simple breathing bag was connected to control breathing. FiO cadaver 02. Open the chest quickly, heparinize, separate the heart and lung tissues, block the ascending aorta, and infuse cold crystalloid cardioplegia from the aortic root10"
./data/papers_txt_clean/,CJFD2000_LCMZ200012035.txt,"脑死亡后,紧急气管插管",378,0.230769230769231,定脑死亡后，行气管插管,"脉注射头抱嗓膈钠1.0,每天3次;5%碳酸氢钠100ml 静注，每天1次;硝普钠5mg+ 5%葡萄糖50ml静注，每天1 次。供体麻醉供体确定脑死亡后，行气管插管、维持呼吸、 循环、监测心电、血压、留置导尿。必要时静滴多巴胺液 10fxg-kg-LminT、输血及706代血浆。维持",CJFD2000_LCMZ200012035,2,"","Pulse injection of scalp throat sodium 1.0, 3 times a day; 5% sodium bicarbonate 100ml intravenously, once a day; sodium nitroprusside 5mg + 5% glucose 50ml intravenously, once a day. Donor anesthesia. After the donor is determined to have brain death, he will be intubated, maintain breathing, circulate, monitor ECG, blood pressure, and indwell catheterization. If necessary, intravenous infusion of dopamine solution 10fxg-kg-LminT, blood transfusion and 706 generation plasma. maintain"
./data/papers_txt_clean/,CJFD2001_DSDX200111019.txt,供者气管插管,1484,0.25,生气管内插管,"性使用的吸氧管制成（长约5 cm）,氩气刀。2供心切取配合2.1 麻醉配合脑死亡后用麻醉机维持呼吸巡回护士迅速建立静脉通 道,同时协助麻醉医生气管内插管。2 .2 手术配合洗手护士提前30 min洗手上台迅速摆好器械台将无菌 冰块刨成冰屑。协助医生消毒皮肤及铺巾,备好氩气刀、吸引",CJFD2001_DSDX200111019,2,"","It is made of oxygen tube (about 5 cm in length), argon knife. 2 Donor heart extraction and cooperation 2.1 After anesthesia and brain death, use an anesthesia machine to maintain the breathing circuit nurses quickly establish a venous channel, and at the same time assist the anesthesiologist with endotracheal intubation. 2.2 The operation cooperated with the hand-washing nurse to quickly set up the hand-washing table 30 minutes in advance to shave the sterile ice cubes into icicles. Assist the doctor to disinfect the skin and spread towels, prepare an argon knife, and attract"
./data/papers_txt_clean/,CJFD2002_ZHDB200206005.txt,供者气管插管,2176,0.25,用的气管插管,"存液,能及时提供给心肌氧和所需的代谢底物,又可排除心肌内代谢产物,具有较好的供心保存效果。另外,脑死亡之后呼吸和循环的维持十分重要,课题组采用的气管插管和维持血液循环正常等措施,使供心的心肌保护在脑死亡期间得以保证4.移植后早期右心衰竭的防治移植术后早期右心功能不全的发生,除了与供",CJFD2002_ZHDB200206005,1,"","The storage solution can provide the myocardium with oxygen and the required metabolic substrates in time, and can also eliminate the metabolites in the myocardium, which has a better preservation effect for the heart. In addition, the maintenance of breathing and circulation after brain death is very important. The tracheal intubation and the maintenance of normal blood circulation adopted by the research team ensure the myocardial protection of the donor heart during brain death. 4. Prevention and treatment of early right heart failure after transplantation The occurrence of right ventricular dysfunction in the early later period, in addition to the supply"
./data/papers_txt_clean/,CJFD2003_WJYX200303020.txt,"供体脑死亡后快速正中开胸,同时插入气管导管人工通气",1109,0.274981511792823,"h拔除气管导管。供体在脑死亡后快速气管插管供氧,开","肝素,静注抑肤酶350万u。手术进行330nun,体外循环时间145而n,主动脉阻断时间65而n。术后4h患者清醒,各项监测指标均正常,16h拔除气管导管。供体在脑死亡后快速气管插管供氧,开放外周静脉,维持收缩压>10011unHg。正中开胸,冷停跳液灌注供心,以3层无菌塑料袋包装",CJFD2003_WJYX200303020,2,"","Heparin, intravenous injection of 3.5 million u. The operation was performed for 330 nuns, the cardiopulmonary bypass time was 145 nuns, and the aortic occlusion time was 65 nuns. The patient was awake 4h after operation, all monitoring indicators were normal, and the tracheal tube was removed at 16h. After brain death, the donor was quickly intubated to provide oxygen, and the peripheral veins were opened to maintain the systolic blood pressure>10011unHg. The chest is opened in the middle, and the heart is infused with cold cardioplegia, packed in a 3-layer sterile plastic bag"
./data/papers_txt_clean/,CJFD2003_YNYY200304051.txt,脑死亡后用麻醉机维持呼吸,1799,0,脑死亡后用麻醉机维持呼吸,"和维持水电解质酸碱平衡治疗。术前晚上及术晨分别口服环胞素A200mg,入手术室前肌注安定10mg,东莨菪碱0.3mg。(2)供心的麻醉处理:脑死亡后用麻醉机维持呼吸,静脉输液维持循环功能,全身肝素化。阻断升主动脉后根部灌注4℃改良St.Thomas心脏停跳液500ml,使心脏完全停",CJFD2003_YNYY200304051,2,"","And to maintain the water and electrolyte acid-base balance treatment. In the evening and morning before operation, 200 mg of cyclosporine A was given orally, 10 mg of diazepam and 0.3 mg of scopolamine were injected intramuscularly before entering the operating room. (2) Anesthesia treatment of the donor heart: After brain death, use an anesthesia machine to maintain breathing, intravenous infusion to maintain circulatory function, and systemic heparinization. After blocking the ascending aorta, the roots were perfused with 4℃ modified St. Thomas cardioplegia solution 500ml to stop the heart completely."
./data/papers_txt_clean/,CJFD2004_HNYD200406016.txt,"脑死亡后,紧急气管插管",1503,0.153846153846154,"脑死亡后立即气管插管,","0%,供、受者血型相同,检验细胞免疫(包括淋巴细胞直接计数、淋巴细胞绝对值等)、体液免疫(包括IgG,IgA,IgM)均正常。1.2供体处理脑死亡后立即气管插管,接简易呼吸囊上氧控制呼吸,迅速开胸,肝素化,分离心肺组织,阻断升主动脉后,从主动脉根部灌注冷晶体停搏液1000ml,在灌",CJFD2004_HNYD200406016,2,"","0%, the donor and recipient have the same blood type, and the cellular immunity (including direct lymphocyte count, absolute lymphocyte value, etc.) and humoral immunity (including IgG, IgA, IgM) are normal. 1.2 After the donor handles the brain death, the trachea is intubated immediately, and the simple breathing bag is connected to oxygen to control breathing. The chest is opened rapidly, heparinized, the heart and lung tissues are separated, and the ascending aorta is blocked. In irrigation"
./data/papers_txt_clean/,CJFD2004_JYJX200402039.txt,快速胸部正中切口进胸,1154,0.25,"胸部正中切口,胸骨锯","男性,27岁,脑死亡志愿捐献者。供、受体血型一致,体重比为63/66。供体静注肝素(3mg·kg一,),人工辅助呼吸,维持循环稳定。仰卧位,胸部正中切口,胸骨锯劈开胸骨,倒“T”剪开心包,分离并结扎上腔静脉远端,近隔肌处横断下腔静脉,经主〔收稿日期]20()3一6一3[修回日期]2",CJFD2004_JYJX200402039,1,"","Male, 27 years old, volunteer brain death donor. The blood types of the donor and recipient are the same, and the weight ratio is 63/66. The donor was given intravenous heparin (3mg·kg one), artificially assisted breathing to maintain stable circulation. Supine position, incision in the middle of the chest, sternum saw to split the sternum, cut the open heart bag with ""T"", separate and ligate the distal end of the superior vena cava, transect the inferior vena cava at the proximal septum, via the main [received date] 20() 3 One 6 One 3 [Revised date] 2"
./data/papers_txt_clean/,CJFD2004_QQHB200409109.txt,快速胸部正中切口进胸,453,0.25,"巾,胸骨正中切口进胸",",男性,31岁,体重65kg。供受体之间ABO血型一致。2手术步骤简述2.1采心肺组供体脑死亡后,取仰卧位,迅速气管插管维持供氧,快速消毒铺巾,胸骨正中切口进胸,游离升主动脉、气管后,经升主动脉插管灌注冷心停跳液1500ml;经肺动脉主干插管灌注肺保护液4000ml,灌注压力不超过",CJFD2004_QQHB200409109,2,"",", Male, 31 years old, weighing 65kg. The ABO blood types are the same between the donor and recipient. 2 Brief description of the operation steps 2.1 After the brain death of the donor in the heart and lung group, take the supine position, quickly intubate the trachea to maintain oxygen supply, quickly disinfect the drape, enter the chest through the median sternal incision, free the ascending aorta and trachea, and insert it through the ascending aorta Perfuse 1500ml cold cardioplegia solution through the tube; perfuse 4000ml lung protection solution through the main pulmonary artery intubation, and the perfusion pressure does not exceed"
./data/papers_txt_clean/,CJFD2004_ZHQG200406005.txt,"脑死亡后,紧急气管插管",1451,0,"脑死亡后,紧急气管插管","格综合征患者施行了同种心肺联合移植术(CHLT)。患者至今存活9月余,心功能I级,活动正常。现将此例心肺联合移植报道如下:1.供者手术:急性脑死亡后,紧急气管插管,吸尽呼吸道分泌物,纯氧通气,胸骨正中切口,切开心包及两侧胸膜腔,探查心、肺无明显异常。全身肝素化,分离上、下腔静脉,主",CJFD2004_ZHQG200406005,2,"","Patients with Grid syndrome underwent combined cardiopulmonary transplantation (CHLT). The patient has survived for more than 9 months so far, with Class I cardiac function and normal activities. This case of combined heart-lung transplantation is now reported as follows: 1. Donor surgery: After acute brain death, emergency tracheal intubation, exhaustion of respiratory secretions, pure oxygen ventilation, median sternal incision, incision of the heart bag and both pleural cavities, and heart exploration , There is no obvious abnormality in the lungs. Systemic heparinization, separation of superior and inferior vena cava, main"
./data/papers_txt_clean/,CJFD2005_DDYS200503014.txt,"脑死亡后,紧急气管插管",1631,0.153846153846154,"性。脑死亡后,气管插管","心肺的采取与保护供体,男,23岁,意外脑死亡者。未发现心肺系统疾病,肝、肾功能正常,肝炎全套阴性,CMB(-),EB(-),淋巴细胞毒试验阴性。脑死亡后,气管插管机械通气,胸部正中切口,肝素化后切开心包游离大血管,肺动脉根部注入PGE1(保达新,德国许瓦兹大药厂生产)500μg后,",CJFD2005_DDYS200503014,2,"","Cardiopulmonary taking and protection of the donor, male, 23 years old, accidental brain death. No cardiopulmonary diseases were found, liver and kidney functions were normal, hepatitis full set was negative, CMB(-), EB(-), lymphotoxicity test was negative. After brain death, the tracheal intubation was mechanically ventilated, the midline incision was made in the chest, the large blood vessels were cut in the open heart after heparinization, and the pulmonary artery root was injected with PGE1 (BaoDaxin, manufactured by Schwarz, Germany) 500μg,"
./data/papers_txt_clean/,CJFD2005_HJZY200503004.txt,供体死亡后行人工呼吸、循环支持,2380,0.0666666666666668,"供体死亡后行人工呼吸,循环支持","7mmHg(平均42mmHg)。2.2供心情况及心脏保护方法供体均男性,年龄23、28岁,体重70、75kg,系脑死亡患者。血型为A和O型。供体死亡后行人工呼吸,循环支持,胸骨正中切口,肝素化,阻断上下腔静脉,心脏空跳排空血液,再阻断升主动脉,经根部灌注4℃改良St.Thomas液",CJFD2005_HJZY200503004,1,"","7mmHg (average 42mmHg). 2.2 Heart donor status and cardioprotection methods The donors were all male, aged 23, 28, weighing 70, 75 kg, and they were brain-dead patients. The blood types are A and O. After the death of the donor, artificial respiration was performed, circulatory support, median sternum incision, heparinization, blocking of the superior and inferior vena cava, cardiac airbeat to empty blood, blocking the ascending aorta, and perfusing 4℃ modified St.Thomas solution through the root"
./data/papers_txt_clean/,CJFD2005_HNYD20050200M.txt,"脑死亡后,紧急气管插管",2042,0.153846153846154,"病。脑死亡后,气管插管","/L。1.2.2供体心肺的采取与保护供体为23岁男性脑死亡者。淋巴细胞毒性试验阴性,肝炎全套阴性,CMB(-),EB(-),未发现心肺系统疾病。脑死亡后,气管插管机械通气,胸部正中切口,肝素化后切开心包游离大血管,肺动脉根部注入前列腺素E1(PGE1)500μg后,结扎上腔静脉,切",CJFD2005_HNYD20050200M,2,"","/L. 1.2.2 The collection and protection of donor heart and lung The donor is a 23-year-old male brain dead. The lymphocyte toxicity test was negative, the full set of hepatitis was negative, CMB(-), EB(-), no cardiopulmonary diseases were found. After brain death, the tracheal intubation was mechanically ventilated, the chest was cut in the middle, and the open heart sac was cut to free the large blood vessels after heparinization. After 500 μg of prostaglandin E1 (PGE1) was injected into the pulmonary artery root, the superior vena cava was ligated and cut."
./data/papers_txt_clean/,CJFD2005_YNYY200501050.txt,"脑死亡后,紧急气管插管",785,0.153846153846154,"脑死亡后立即气管插管,","肺动脉高压右向左分流(艾森曼格氏综合症)。术前活动受限,多卧床休息,生活不能自理。供体的麻醉处理:供体心肺功能正常,但胸廓小于受体10%。于脑死亡后立即气管插管,呼吸机控制呼吸,空氧混合氧浓度为50%,肝素化3mg/kg,分离心肺组织,吸尽呼吸道分泌物,阻断升主动脉,从主动脉根部灌",CJFD2005_YNYY200501050,2,"","Pulmonary hypertension shunts right to left (Eisenmenger's syndrome). Before the operation, the activities were limited, and he stayed in bed and couldn't take care of himself. Anesthesia treatment of the donor: The cardiopulmonary function of the donor is normal, but the thorax is less than 10% of the recipient. Immediately after brain death, the trachea was intubated, the ventilator controlled breathing, the air-oxygen mixed oxygen concentration was 50%, heparinized 3mg/kg, the heart and lung tissues were separated, the respiratory secretions were sucked, the ascending aorta was blocked, and the aortic root was infused."
./data/papers_txt_clean/,CJFD2005_ZHYX200511012.txt,"脑死亡后,紧急气管插管",637,0.212273638556624,"脑死亡者,行气管插管,","征的33岁女性患者施行了同种异体心肺联合移植手术(CHLT)。随访至今,该患者仍然正常生活。现报道如下。1.手术方法:(1)供体手术:对急性脑死亡者,行气管插管,纯氧通气;取胸骨正中切口,切开心包及两侧胸膜腔,探查心肺无明显异常;全身肝素化,主动脉及肺动脉根部分别置入灌注管,自升主",CJFD2005_ZHYX200511012,2,"","The 33-year-old female patient with symptoms underwent combined heart-lung transplantation (CHLT). Since follow-up, the patient is still living normally. The report is as follows. 1. Surgical methods: (1) Donor surgery: for acute brain death, tracheal intubation and pure oxygen ventilation; take a midline incision on the sternum, cut the heart sac and both pleural cavities, and explore the heart and lungs without obvious abnormalities; the whole body is heparinized, The aorta and pulmonary artery roots were placed in perfusion tubes,"
./data/papers_txt_clean/,CJFD2006_JYJY200610006.txt,供者行气管插管,2010,0.222222222222222,给供体气管插管,2供心的采取与保护：心脏是最不易耐受缺血的器官之一，所以供心的采取要体现一个“快”字，同时各个环节要紧密配合，尽量缩短配合的时间。具体步骤：给供体气管插管，人工呼吸机通气后，取前胸正中切口，胸骨劈开，打开心包及两侧胸膜，游离上腔静脉和主动脉，于上腔静脉或主动脉内注射肝素（3mg／k,CJFD2006_JYJY200610006,2,"","2 Adoption and protection of the donor heart: The heart is one of the organs least tolerant of ischemia, so the adoption of the heart donor should reflect the word ""quick"", and at the same time all links should be closely coordinated to shorten the time of cooperation as much as possible. Specific steps: After intubating the donor trachea and ventilating with an artificial ventilator, take the anterior midline incision, split the sternum, open the pericardium and both sides of the pleura, free the superior vena cava and aorta, and inject into the superior vena cava or aorta Heparin (3mg/k"
./data/papers_txt_clean/,CJFD2006_LCFK200605108.txt,快速胸部正中切口进胸,430,0.22848325018954,"胸骨正中切口进胸,切","成片,右侧更为严重,诊断为慢性喘息型支气管炎,肺气肿终末期,决定实施肺移植手术。2手术方法简介2.1供体手术供体脑死亡后,迅速消毒,铺巾,取胸骨正中切口进胸,切开心包及两侧纵隔胸膜,于肺动脉起始部1.5cm处插入肺动脉灌注管,此时迅速在肺动脉根部注入前列腺素E11000μg及甲基强",CJFD2006_LCFK200605108,1,"see later 供体组 器械护士提前 30 min, 戴无菌手套穿无菌手术
衣, 准备好取肺器械、物品。 将肺动脉灌注连接管和冷 LPD
灌注液 3升袋相接, 排气夹闭备用。 供体脑死亡后, 快速进
胸, 将适量冰泥置入胸腔降温, 插肺动脉灌注管并和配套管相
接, 灌注开始, 并确保供肺始终保存 4℃保存液中 。","In the film, the right side is more serious, and the diagnosis is chronic asthmatic bronchitis, end-stage emphysema, and it is decided to implement lung transplantation. 2 Introduction to the surgical method 2.1 After the donor's brain death, the donor is quickly disinfected, draped, and the median sternal incision is taken into the chest, the heart bag and the mediastinal pleura on both sides are cut, and the pulmonary artery perfusion tube is inserted 1.5 cm from the beginning of the pulmonary artery. Quickly inject prostaglandin E11000μg and methyl strength into the root of the pulmonary artery"
./data/papers_txt_clean/,CJFD2006_LCMZ200605041.txt,"脑死亡后气管紧急插管,纯氧通气",2857,0.210526315789474,"脑死亡后立即气管切开插管通气,","损、重度肺动脉高压、艾森曼格综合征。供体,男,22岁,无心肺病史,无吸烟史,ABO血型相同,体形匹配,淋巴细胞毒抗体试验阴性。供肺切取保护:脑死亡后立即气管切开插管通气,胸正中切口,切开心包及胸膜,阻断主动脉,经肺动脉注射前列腺素E1(PGE1)500μg,顺灌及逆灌冷低钾右旋糖酐",CJFD2006_LCMZ200605041,2,"","Damage, severe pulmonary hypertension, Eisenmenger syndrome. Donor, male, 22 years old, no history of cardiopulmonary disease, no history of smoking, same ABO blood type, body shape matching, lymphotoxic antibody test negative. Donor lung extraction protection: Immediately after brain death, tracheotomy and intubation ventilation, mid-thoracic incision, cut the heart bag and pleura, block the aorta, inject prostaglandin E1 (PGE1) 500 μg through the pulmonary artery, downstream and retrograde cold hypokalemia dextran"
./data/papers_txt_clean/,CJFD2006_QLHL200608126.txt,供者行气管插管,2369,0.222222222222222,立即行气管插管,"心肌保护供心保存时限为4~6h,最好不超过180min,并尽量缩短供心热缺血期与冷缺血期时间,热缺血期时间控制在5min以内。脑死亡的供体,立即行气管插管,人工辅助呼吸,保持氧供,建立静脉通路,适当补液,保持血液动力学稳定。快速胸骨劈开,悬吊心包,夹闭主动脉后,经主动脉根部插灌注针",CJFD2006_QLHL200608126,2,"","The storage time limit of myocardial protection donor heart is 4~6h, preferably not more than 180min, and the time of warm ischemia period and cold ischemia period should be shortened as much as possible, and the time of warm ischemia period should be controlled within 5min. For brain-dead donors, immediately underwent tracheal intubation, artificially assisted breathing, maintained oxygen supply, established venous access, appropriate fluid replacement, and maintained hemodynamic stability. Quickly split the sternum, suspend the pericardium, clamp the aorta, and insert an infusion needle through the aortic root"
./data/papers_txt_clean/,CJFD2006_XGNZ200603045.txt,死亡后迅速建立人工呼吸,1908,0.272727272727273,时间内迅速建立人工呼吸,",受体3月的生存率也明显下降,因此缩短心肌缺血时间是至关重要的[1]。本组供心停搏到移植完成心脏复跳,最长未超过3h。确定脑死亡之后,在有限时间内迅速建立人工呼吸,有可能保持循环的持续和供心的血供,避免或缩短热缺血时间,以减轻缺血性损害,这对保护供心尤为重要。在切取心脏时,切开腔静",CJFD2006_XGNZ200603045,1,"",", The survival rate of recipients in 3 months is also significantly reduced, so shortening the time of myocardial ischemia is crucial [1]. In this group, the donor heart was arrested until the transplantation was completed, and the longest time did not exceed 3 hours. After brain death is determined, artificial respiration can be established quickly within a limited time, it is possible to maintain the continuous circulation and blood supply of the heart, avoid or shorten the warm ischemia time to reduce ischemic damage, which is particularly important for protecting the heart. When cutting the heart, cut open the cavity"
./data/papers_txt_clean/,CJFD2006_XXGZ200609002.txt,死亡后迅速建立人工呼吸,3806,0,死亡后迅速建立人工呼吸,冷缺血时间，特别是热缺血时间尤为重要，而缺血时间与供心获取的条件，操作者的准备以及熟练程度密切相关［3，4］。我们采取的具体措施为：①供者脑死亡后迅速建立人工呼吸、尽可能维持血流动力学稳定；②在主动脉根部灌冷钾停跳液，使供心迅速在舒张期停搏；③缩短供心运送时问，供心到达后立即吻合；,CJFD2006_XXGZ200609002,1,"","Cold ischemia time, especially warm ischemia time is particularly important, and ischemia time is closely related to the conditions of donor heart acquisition, the preparation and proficiency of the operator [3, 4]. The specific measures we have taken are: ① Establish artificial respiration quickly after the donor’s brain death, and maintain hemodynamic stability as much as possible; ② Fill the aortic root with cold potassium cardioplegia, so that the donor heart quickly stops during diastole; ③ Shorten Ask when the donation is transported, and it will be anastomosed immediately after the donation arrives;"
./data/papers_txt_clean/,CJFD2006_ZHWK200614033.txt,供体死亡后行人工呼吸、循环支持,666,0,供体死亡后行人工呼吸、循环支持,"56~Hg(导管难进肺动脉,压力未测得),例2肺动脉平均压为42mmHgo供体均男性,年龄23、28岁。体重70、75kg。血型为A和0型。供体死亡后行人工呼吸、循环支持,胸骨正中切口,肝素化,阻断上下腔静脉,心脏空跳排空血液,阻断升主动脉,经根部灌注4℃改良tS.hTomas液。",CJFD2006_ZHWK200614033,1,"","56~Hg (the catheter is difficult to enter the pulmonary artery, the pressure is not measured), the average pressure of the pulmonary artery in case 2 is 42mmHgo. All donors are male, aged 23 and 28 years old. Weight 70, 75kg. The blood types are A and 0. After the death of the donor, artificial respiration, circulatory support, median sternum incision, heparinization, blocking the superior and inferior vena cava, cardiac airbeat to empty blood, blocking the ascending aorta, and perfusion of 4℃ modified tS.hTomas solution through the root."
./data/papers_txt_clean/,CJFD2006_ZHXG200603037.txt,气管切开气管插管,429,0.209430584957905,"形切口,气管插管","备百分比29%。于2005年8月行右单肺移植术。供体为26岁男性脑死亡者。供受体血型均为O型,热缺血时间为8min。供体取平卧位,胸部“U”形切口,气管插管,在距肺动脉瓣2cm处缝荷包,放置6.5mm的主动脉弓插管。用16号针头经肺动脉干快速注入前列腺素PGE1(500μg)。阻断",CJFD2006_ZHXG200603037,2,"","Reserve percentage is 29%. Right single lung transplantation was performed in August 2005. The donor was a 26-year-old male brain dead. The donor and recipient blood types are all O type, and the warm ischemia time is 8 min. The donor was placed in a supine position, with a ""U""-shaped incision in the chest, and a tracheal intubation. A purse string was sewn 2 cm from the pulmonary valve, and a 6.5 mm aortic arch intubation was placed. Use a 16-gauge needle to quickly inject prostaglandin PGE1 (500μg) through the pulmonary artery trunk. Block"
./data/papers_txt_clean/,CJFD2006_ZHYX200646020.txt,"脑死亡后,紧急气管插管",770,0.212273638556624,"脑死亡者,行气管插管,","例3:供体为男性,供受体血型均为为“B”型,受体PRA:Ⅰ类:3.6%,Ⅱ类:0%,淋巴细胞毒试验为0%。3.供体心肺的切取和处理:供体均为脑死亡者,行气管插管,吸尽呼吸道分泌物,加压通气。经胸骨正中切口,肝素化,切除心包,打开两侧胸膜腔,初步探查心肺无明显异常。在升主动脉及肺动脉",CJFD2006_ZHYX200646020,2,"","Example 3: The donor is a male, the blood type of the donor and recipient is ""B"", the recipient PRA: type Ⅰ: 3.6%, type Ⅱ: 0%, lymphotoxicity test is 0%. 3. Excision and treatment of donor heart and lungs: All donors were brain dead, underwent tracheal intubation, exhausted respiratory secretions, and pressurized ventilation. Through a midline sternum incision, heparinization was performed, the pericardium was removed, and the pleural cavities on both sides were opened. There was no obvious abnormality in the preliminary exploration of the heart and lungs. In the ascending aorta and pulmonary artery"
./data/papers_txt_clean/,CJFD2007_JYJY200711002.txt,供者行气管插管,1922,0.222222222222222,给供体气管插管,2供心的采取与保护：心脏是最不易耐受缺血的器官之一，所以供心的采取要体现一个“快”字，同时各个环节要紧密配合，尽量缩短配合的时间。具体步骤：给供体气管插管，人工呼吸机通气后，取前胸正中切口，胸骨劈开，打开心包及两侧胸膜，游离上腔静脉和主动脉，于上腔静脉或主动脉内注射肝素（3mg／k,CJFD2007_JYJY200711002,2,"","2 Adoption and protection of the donor heart: The heart is one of the organs least tolerant of ischemia, so the adoption of the heart donor should reflect the word ""quick"", and at the same time all links should be closely coordinated to shorten the time of cooperation as much as possible. Specific steps: After intubating the donor trachea and ventilating with an artificial ventilator, take the anterior midline incision, split the sternum, open the pericardium and both sides of the pleura, free the superior vena cava and aorta, and inject into the superior vena cava or aorta Heparin (3mg/k"
./data/papers_txt_clean/,CJFD2007_LCHL200706027.txt,快速胸部正中切口进胸,714,0.166666666666667,胸部正中切口常规进胸,"吸收线、6cm切割吻合器、4℃灌流液6000ml、前列腺素E11000μg、肝素1200mg和无菌冰屑等。手术方法简介供肺获取常规消毒铺单,胸部正中切口常规进胸,撑开器撑开胸骨后,纵形剪开心包及两侧胸膜,分别游离上腔静脉和下腔静脉。将前列腺素E11000μg稀释至50ml从肺动脉注",CJFD2007_LCHL200706027,1,"","Absorption thread, 6cm cutting stapler, 4℃ perfusion fluid 6000ml, prostaglandin E11000μg, heparin 1200mg and sterile ice etc. Introduction to the surgical method: The lungs are provided with routine disinfection drapes. The median chest incision is routinely inserted into the chest. After the sternum is opened by the stretcher, the pericardium and both sides of the pleura are cut longitudinally to free the superior vena cava and inferior vena cava. Dilute prostaglandin E11000μg to 50ml and inject it from the pulmonary artery"
./data/papers_txt_clean/,CJFD2007_SXHZ200712061.txt,"脑死亡后,紧急气管插管",1750,0,"脑死亡后,紧急气管插管","30min术后3h意识清楚,16h拔除气管插管,抗排斥反应治疗及预防感染治疗,17d送至普通病房,恢复顺利。2手术方法2.1供体心脏切取急性脑死亡后,紧急气管插管,吸尽呼吸道分泌物,纯氧通气,取仰卧位,垫高胸腔,用0.5%碘伏快速消毒,铺正中切口,电锯锯开胸骨,打开胸腔,切开心包探",CJFD2007_SXHZ200712061,2,"","After 30 minutes, the patient was conscious at 3 hours, the tracheal intubation was removed at 16 hours, anti-rejection treatment and infection prevention treatment were performed, and he was sent to the general ward on the 17th day, where he recovered smoothly. 2 Surgical methods 2.1 After the donor heart is cut from the acute brain death, emergency tracheal intubation, exhaust the secretions of the respiratory tract, pure oxygen ventilation, take the supine position, elevate the chest cavity, quickly disinfect with 0.5% iodophor, lay the median incision, and saw Open the breastbone, open the chest cavity, and cut open the bag to explore"
./data/papers_txt_clean/,CJFD2007_ZHQG200711014.txt,快速胸部正中切口进胸,3747,0.25,取:胸部正中切口(胸,"二、供心、肺的获取方法1	.供者心、肺的维持:切取心、肺前外周静脉注 射肝素(3 mg/kg)和甲泼尼龙(15 mg/kg)。肺机械 通气，吸入氧浓度(Fi()2)低于().5,防止肺不张及肺 泡萎陷，必要时吸净支气管分泌物，确保肺扩张良 好，尤其是防止肺下叶不张。2	.供者心、肺的摘取:胸部正中切口(胸骨上切 迹至剑突下)，剑突下分离后，自下而上锯开胸骨，",CJFD2007_ZHQG200711014,1,"","2. Methods of obtaining the donor heart and lungs 1. Maintenance of the donor heart and lungs: the heart and lungs were cut out and heparin (3 mg/kg) and methylprednisolone (15 mg/kg) were injected intravenously. Lung mechanical ventilation, the inhaled oxygen concentration (Fi()2) is lower than ().5 to prevent atelectasis and alveolar collapse. If necessary, inhale bronchial secretions to ensure good lung expansion, especially to prevent atelectasis of the lower lobe . 2. Extraction of the donor's heart and lungs: a midline incision in the chest (notch from the upper sternum to below the xiphoid process). After the xiphoid process is separated, the sternum is cut from the bottom up."
./data/papers_txt_clean/,CJFD7984_GWWK197905001.txt,脑死亡后立即气管内插管给氧,2455,0.266666666666667,"脑死亡之后,应立即气管擂管","量细胞毒试验、白细胞凝集试验和混合淋巴细胞培养)。配型的等级由A级至F级,A、B级配型最合适。移植技术麻醉供者的准备供者如为脑外伤病例在确认脑死亡之后,应立即气管擂管用呼吸器维持气体交换,经静脉输液,加用去甲基肾上腺素或间经胺以保持血压和组织灌注,并予肝素化和应用抗菌素以防止感染。",CJFD7984_GWWK197905001,2,"","Mass cytotoxicity test, leukocyte agglutination test and mixed lymphocyte culture). The matching grades range from A to F, with A and B grades being the most suitable. Transplant technique anesthesia donor preparation. If the donor is a brain injury case, after the brain death is confirmed, the tracheal tube should be used to maintain gas exchange with a respirator, intravenous infusion, and norepinephrine or metameramine to maintain blood pressure and tissue Perfusion, heparinization and application of antibiotics to prevent infection."
./data/papers_txt_clean/,CJFD9899_GAYX199903060.txt,供者气管插管,655,0.25,师气管内插管,"毒)等。1.3手术配合过程1.3.1供者准备取平仰卧位,胸腹背部垫一硬枕。巡回护士选用带加药壶16号静脉留置针迅速建立静脉通道。同时协助麻醉师气管内插管维持呼吸和循环。1.3.2灌注连接管准备巡回护士在无菌技术操作下将肺动脉灌注液连接管接上冷Collins灌注液瓶(第一瓶soomL",CJFD9899_GAYX199903060,2,"","Poison) and so on. 1.3 Surgical cooperation process 1.3.1 The donor is ready to take the supine position, with a hard pillow on the chest, abdomen and back. The roving nurse selected a No. 16 intravenous indwelling needle with a medicine pot to quickly establish an intravenous channel. At the same time, assist the anaesthetist with endotracheal intubation to maintain breathing and circulation. 1.3.2 Preparing the perfusion connection tube to the pulmonary artery perfusion solution connection tube to the cold Collins perfusion solution bottle (the first bottle of soomL"
./data/papers_txt_clean/,CJFD9899_ZHLC199803079.txt,"脑死亡后,紧急气管插管",382,0.212273638556624,"确认脑死亡,气管插管,","W级。住院期间应用强心利尿,扩血管药物,拟行原位同种异体心肺移植术。于1994年9月27日获20岁男性供体心肺(脑死亡)。其心肺保护过程为:确认脑死亡,气管插管,人工呼吸,吸氧。常规消毒依次解剖,暴露心脏,心跳良好。放置升主动脉冠状灌注管,阻断升主动脉。灌冷改良托马液1。。Oml,",CJFD9899_ZHLC199803079,2,"","W class. Cardiotonic diuretics and vasodilators were used during hospitalization, and orthotopic allogeneic heart-lung transplantation was planned. Received a 20-year-old male donor heart and lung (brain death) on September 27, 1994. The cardiopulmonary protection process is: confirmation of brain death, tracheal intubation, artificial respiration, and oxygen inhalation. Routine disinfection followed by anatomy, exposed the heart, the heartbeat was good. Place the ascending aorta coronary perfusion tube to block the ascending aorta. Improving Toma Liquid 1 by Irrigation Cold. . Oml,"
./data/papers_txt_clean/,CJFD9899_ZHLC199805082.txt,供者行气管插管,1476,0.222222222222222,"动,行气管插管","渐下降,抢救无效,于术后第9天死于急性排斥反应。2讨论2.1关于供肺保护供肺的保护直接关系到肺移植的成败。本例供体开胸时心脏呈紫给,但仍有跳动,行气管插管辅助呼吸后心脏变红,跳动迅速转为有力,因而缩短了肺的热缺血时间。第4肋间横断胸骨进胸,速度快,显露好。供肺采取低温肺动脉灌洗加低",CJFD9899_ZHLC199805082,2,"","Gradually decreased, rescue was ineffective, and died of acute rejection on the 9th day after surgery. 2 Discussion 2.1 About donor lung protection Donor lung protection is directly related to the success or failure of lung transplantation. In this case, the heart of the donor was purple when the chest was opened, but still beating. After the tracheal intubation assisted breathing, the heart turned red and the beating quickly turned into force, thus shortening the warm ischemic time of the lungs. The 4th intercostal intersects the sternum into the chest, which is fast and reveals well. Low temperature pulmonary artery lavage for donor lungs"
./data/papers_txt_clean/,CJFD9899_ZHQG199904020.txt,脑死亡后用麻醉机维持呼吸,1767,0,脑死亡后用麻醉机维持呼吸,"钟,转流中尿量800~1000ml,超滤液150~1000ml。鱼精蛋白用量是肝素的1.5倍。二、供心保护方法3例供者为25~26岁的男性,脑死亡后用麻醉机维持呼吸,静脉输液维持循环功能,分离上下腔静脉、主动脉后,结扎切断上腔静脉,全身肝素化,阻断主动脉经主动脉根部灌注4℃改良St",CJFD9899_ZHQG199904020,1,"","Zhong, the urine volume in the bypass is 800~1000ml, and the ultrafiltrate is 150~1000ml. The dosage of protamine is 1.5 times that of heparin. 2. Methods of Donor Heart Protection: Three donors were 25 to 26-year-old males. After brain death, they used an anesthesia machine to maintain breathing and intravenous infusion to maintain circulatory function. After separating the superior vena cava and aorta, the superior vena cava was ligated and cut, and the whole body was heparinized. , Blocking the aorta perfusion through the aortic root 4℃ modified St"
./data/papers_txt_clean/,CJFD9899_ZWWK199901001.txt,"供体脑死亡后,迅速建立人工呼吸",2075,0.266666666666667,"脑死亡供体的呼吸道通畅,建立人","意图。心脏吻合时间61分钟,其中左房吻合25分、下腔吻合14分钟、上腔吻合6分钟、主动脉吻合7分钟、肺动脉吻合9分钟。三、供心的心肌保护保持脑死亡供体的呼吸道通畅,建立人工辅助呼吸,建立静脉通路以保持血流动力学的相对稳定。主动脉阻断后,经主动脉根部先灌注15℃St.Thomas液Z",CJFD9899_ZWWK199901001,1,"","intention. The cardiac anastomosis took 61 minutes, including 25 minutes for left atrial anastomosis, 14 minutes for inferior cavity anastomosis, 6 minutes for superior cavity anastomosis, 7 minutes for aortic anastomosis, and 9 minutes for pulmonary artery anastomosis. 3. Myocardial protection of the donor heart keeps the airway unobstructed of brain-dead donors, establishes artificial assisted breathing, and establishes venous access to maintain the relative stability of hemodynamics. After the aorta is blocked, infuse 15℃ St.Thomas solution Z through the aortic root first"
